Track name,Artist name,Album,Playlist name,Type,ISRC,Spotify - id
"12 YEARS","Lucky Rathore","12 YEARS","Sad🥺❤️","Playlist","CHF032508005","0cIA4bUqEKOSxJGudhEUlc"
"Deewana Kar Raha Hai","Javed Ali","Raaz 3","Sad🥺❤️","Playlist","INS181202495","2tva3nN2kQhBjHMC7Zlty6"
"Sanam Teri Kasam","Himesh Reshammiya","Sanam Teri Kasam (Original Motion Picture Soundtrack) [Deluxe Edition]","Sad🥺❤️","Playlist","GBSGZ1500559","6Wuj97Iy5tDUCng1PX9x5H"
"Bol Kaffara Kya Hoga","Dj Chetas","Bol Kaffara Kya Hoga","Sad🥺❤️","Playlist","FRX762128606","0tE7G1E9Mc2Eo5ZUIfKQbo"
"Sunn Le Zara","Arnab Dutta","1921 (Original Motion Picture Soundtrack)","Sad🥺❤️","Playlist","INZ031403090","5td0Iz1f7nbC4GX1npZte2"
"Ye Tune Kya Kiya","Pritam","Once Upon Ay Time In Mumbai Dobaara !","Sad🥺❤️","Playlist","INS181304385","2cPUB8EOT6AfJ8oxhyoNXL"
"Tanha Hua","Jyoti Nooran","Zero","Sad🥺❤️","Playlist","INS181803002","4pvWJ4u5cQ5Mmb123iA6hj"
"Bewajah","Himesh Reshammiya","Sanam Teri Kasam (Original Motion Picture Soundtrack) [Deluxe Edition]","Sad🥺❤️","Playlist","GBSGZ1500561","2Pf4gxPUxLOZ5buYFBVWev"
"Sunn Raha Hai","Ankit Tiwari","Aashiqui 2","Sad🥺❤️","Playlist","INS181303032","5PvwPy5eRO8BPwpRzCHK3D"
"Bekhayali (From ""Kabir Singh"")","Sachet Tandon","Bekhayali (From ""Kabir Singh"")","Sad🥺❤️","Playlist","INS181901739","1feANd8EfcDP5UqSvbheM3"
"Tu hai kahaan","Tuneit","Tu hai kahaan","Sad🥺❤️","Playlist","GX4R52597595","7HQbaN76WIUcpcWy9KpLJv"
"Tu Hain Kahan (Slowed & Reverb)","Karan Bhambhani","Tu Hain Kahan (Slowed & Reverb)","Sad🥺❤️","Playlist","IEWNY2402285","6cWPmcGedrAyCxPefvkX1k"
"Pal Pal","Abhishek Thapa","Pal Pal","Sad🥺❤️","Playlist","TCAIT2435058","2V82bSJqzG3PqIpRP5FIVD"
"TU HAI YAHAN","Akpanku","TU HAI YAHAN","Sad🥺❤️","Playlist","QZTVM2437930","3vFIsZCMu2UxW9VK9wJNLX"
"Mann Mera - Original Version","Gajendra Verma","Mann Mera (Original Version)","Sad🥺❤️","Playlist","INS172501376","1As2Jo89VTF9V3D6GuOPr9"
"Hasi - Male Version","Ami Mishra","Hamari Adhuri Kahani (Original Motion Picture Soundtrack)","Sad🥺❤️","Playlist","INS171500727","32765xcLM1fd6wQIpkN9A0"
"Shiddat Title Track","Manan Bhardwaj","Shiddat","Sad🥺❤️","Playlist","INS182101535","5O9jxRlG72h1sYxtqWwUcF"
"Khamoshiyan","Jeet Gannguli","Khamoshiyan (Original Motion Picture Soundtrack)","Sad🥺❤️","Playlist","INS171402465","6zCQF5tu7HVwU9shhKqiuF"
"Tadap Tadap","KK","Hum Dil De Chuke Sanam","Sad🥺❤️","Playlist","INS189912033","6n6hEYHXBzWfdSzBX20ZRw"
"Ek Bewafaa Hai","Sonu Nigam","Bewafaa (Original Motion Picture Soundtrack)","Sad🥺❤️","Playlist","INT100400007","1PL4f0FhA8SW79C4h5mWM2"
"Hale Dil","Harshit Saxena","Murder 2","Sad🥺❤️","Playlist","INS181101310","6GQK4G5o60E8YA18DGpAzv"
"Khayaal","Talwiinder","Khayaal","Sad🥺❤️","Playlist","INS172300906","4D8eFUu6Hvulrq6CGqGaLR"
"Ehsaas","Faheem Abdullah","Ehsaas","Sad🥺❤️","Playlist","INUM72500325","5PetOhEX9N0oyBB0Keqobv"
"Aye Khuda","Kshitij Tarey","Murder 2","Sad🥺❤️","Playlist","INS181101312","1SdMHj6tJp2YZ5INflJR1T"
"Teri Yaadon Se","Pranaay","Blood Money (Original Motion Picture Soundtrack)","Sad🥺❤️","Playlist","INS171200123","0FXXvePGfMxgENnXLpBc76"
"Hum Jee Lenge","Mustafa Zahid","Murder 3 (Original Motion Picture Soundtrack)","Sad🥺❤️","Playlist","INS171300019","1gekzL984xr4fbxVgVGQhC"
"Uska Hi Banana (From ""1920 Evil Returns"")","Arijit Singh","Arijit Singh Broken Strings","Sad🥺❤️","Playlist","INS181204311","3h6Xvd0lISog6GxTk4X6MK"
"O Khuda","Amaal Mallik","Hero","Sad🥺❤️","Playlist","INS181501276","5bdX7jiXtSbHX35pgxJo8p"
"Bhula Dena","Mustafa Zahid","Aashiqui 2","Sad🥺❤️","Playlist","INS181303037","0WNCYgCd33LnBnw22WFuq8"
"Chaahat","Jeet Gannguli","Blood Money (Original Motion Picture Soundtrack)","Sad🥺❤️","Playlist","INS171200120","6cLdrOr82mTQdwaqT9fkou"
"Tum Hi Aana (From ""Marjaavaan"")","Payal Dev","Tum Hi Aana (From ""Marjaavaan"")","Sad🥺❤️","Playlist","INS181905004","6E9UwSfT80age2xknoMS7Y"
"O Saathi","Atif Aslam","O Saathi (From ""Baaghi 2"")","Sad🥺❤️","Playlist","INS181800584","6fScgF2Y63ScU73nYju0ny"
"Muskurane - Romantic","Jeet Gannguli","Citylights (Original Motion Picture Soundtrack)","Sad🥺❤️","Playlist","INS171400522","6fW78cd0p3ZDUzoqvx2Xqe"
"Ishq","Faheem Abdullah","Lost;Found","Sad🥺❤️","Playlist","FR96X2451081","1hlbywc8Jhl1FFqJxAMabE"
"Aaja We Mahiya","Imran Khan","Unforgettable","Sad🥺❤️","Playlist","GBRCG0900002","5MoJ3MVKGGf25LxrFoxDSK"
"Milne Hai Mujhse Aayi (From ""Aashiqui 2"")","Arijit Singh","Arijit Singh Broken Strings","Sad🥺❤️","Playlist","INS181303040","24b9eObMccIrDSs3NvdrRd"
"Jo Tum Mere Ho","Anuv Jain","Jo Tum Mere Ho","Sad🥺❤️","Playlist","INUM72400721","0eCajpR75pDW0r64U6hP2x"
"Tera Chehra","Himesh Reshammiya","Sanam Teri Kasam (Original Motion Picture Soundtrack) [Deluxe Edition]","Sad🥺❤️","Playlist","GBSGZ1500562","0fU73va0bnroitbOzudBU4"
"Dard Dilo Ke","Mohammed Irfan","The Xpose","Sad🥺❤️","Playlist","INS181400812","2NxMbuIckpHvpXe220f4uw"
"Tujhe Kitna Chahne Lage (From ""Kabir Singh"")","Arijit Singh","Tujhe Kitna Chahne Lage (From ""Kabir Singh"")","Sad🥺❤️","Playlist","INS181902088","2Fv2injs4qAm8mJBGaxVKU"
"Gulabi Aankhen","Sanam","Universally SANAM","Sad🥺❤️","Playlist","INUM71900031","1ccZZf0IQi5y0bHMl2aGDF"
"Apna Bana Le","Sachin-Jigar","Bhediya (Original Motion Picture Soundtrack)","Sad🥺❤️","Playlist","INZ031411736","1hA697u7e1jX2XM8sWA6Uy"
"Tu Hi Tu","Mohammed Irfan","Kick","Sad🥺❤️","Playlist","INS181401382","2f5sTEhwX8qwCPgGPBavdx"
"Zara Zara","Bombay Jayashri","Rehnaa Hai Terre Dil Mein","Sad🥺❤️","Playlist","INH100152390","4Q7Q9bmbY5Lo7YamHngO4O"
"Bekhayali (Arijit Singh Version) [From ""Kabir Singh""]","Arijit Singh","Bekhayali (Arijit Singh Version) [From ""Kabir Singh""]","Sad🥺❤️","Playlist","INS181902087","6aPMWbbdhDhiJHlknZb9Yx"
"Banjaara","Mohammed Irfan","Ek Villain","Sad🥺❤️","Playlist","INS181401028","4eFnk661RcdOuH9ajiTO3j"
"Kabhi Jo Baadal Barse (From ""Jackpot)","Arijit Singh","Love Dose Arijit Singh","Sad🥺❤️","Playlist","INS181306448","2dOWkdPfiT9SU2Wm734Rh6"
"Baarish","Mohammed Irfan","Yaariyan","Sad🥺❤️","Playlist","INS181306566","6ABHr8kYCws5z6gC9Lwith"
"Tera Deedar Hua","Pritam","Jannat 2 (Original Motion Picture Soundtrack)","Sad🥺❤️","Playlist","INS171200267","0d1JQdBaeetUo8xAiKCT3C"
"Itni Si Baat Hain (From ""Azhar"")","Arijit Singh","Love Forever With Arijit Singh","Sad🥺❤️","Playlist","INS181600638","55TlMMnPJTk9Qq6CrqB6dx"
"Let Her Go x Husn","Lewis Hanton","Let Her Go x Husn","Sad🥺❤️","Playlist","GX89G2479648","06fP8ZtG6SRN5gs9MMB1dQ"
"People X Nainowale Ne - Lofi","Callen Row","People Nainowale Ne - Lofi","Sad🥺❤️","Playlist","FRDKW2312463","5jCnhZKmBykDEvQPoRcyTP"
"Let Me Down Slowly x Main Dhoondne","sunnyys","Let Me Down Slowly x Main Dhoondne","Sad🥺❤️","Playlist","GXESV2425535","0WZDdNTbEhvesp8uCjAQCk"
"Mujhe Peene Do","Arshman Naeem","Mujhe Peene Do","Sad🥺❤️","Playlist","QZHN62486414","4RDPlsamlf5IQdYKNRT6l4"
"Paaro","Aditya Rikhari","Paaro","Sad🥺❤️","Playlist","INUM72400244","5ByLpy1feHoHXoM4IC4BvW"
"Akhiyan Udeek Diyan","Master Saleem","Shiddat","Sad🥺❤️","Playlist","INS182101538","5ZHglFJ4SxGJWfgfeSekmj"
"Hum Dum","Ankit Tiwari","Shiddat","Sad🥺❤️","Playlist","INS182101534","1QhcBKt0schkJBhiZx6lxn"
"Barbaadiyan","Sachet Tandon","Shiddat","Sad🥺❤️","Playlist","INS182101533","6qZyM6JV8ohLC4S2EL5sFh"
"Chitta","Manan Bhardwaj","Shiddat","Sad🥺❤️","Playlist","INS182101536","6JUQViD0hLXlvWXCV4uUF8"
"Jug Jug Jeeve","Sachet Tandon","Shiddat","Sad🥺❤️","Playlist","INS182101532","0tjnLIbuF8mwLUKq3CNIdH"
"Shiddat (Reprise)","Manan Bhardwaj","Shiddat","Sad🥺❤️","Playlist","INS182101537","4dy4m6vhOY3BcCVp5fdhQQ"
"Teri Yaadon Mein","KK","The Killer","Sad🥺❤️","Playlist","INS180600780","4ZVfIGaZP93t0stmBj4FqA"
"Apnaa Mujhe Tu Lagaa","Sonu Nigam","1920 Evil Returns","Sad🥺❤️","Playlist","INS181204310","70O5Rpo2B2FB4B5bf68JWw"
"Tujhe Main Pyar Karu","Kailash Kher","1920","Sad🥺❤️","Playlist","INS180907816","0xZNtGobZ3wnDeGoFPwN2N"
"Uska Hi Banana","Arijit Singh","1920 Evil Returns","Sad🥺❤️","Playlist","INS181204311","5TJOAIWHRYW8pRBpnvLUo1"
"Aaj Ro Len De","Sharib Sabri","1920 London","Sad🥺❤️","Playlist","INS181600641","4PNvrhAowLbeOxX5VOHBGf"
"Tu Hai Ki Nahi","Ankit Tiwari","Roy","Sad🥺❤️","Playlist","INS181427587","4brSaQIT3bnnE41D042fgL"
"Teri Deewani","Kailash Kher","Kailasa","Sad🥺❤️","Playlist","INS170600102","2iNqdCchlUZEgjJbQyZf8T"
"Awari","Adnan Dhool","Ek Villain","Sad🥺❤️","Playlist","INS181401038","7IEww1rwWe1scos6rarOYh"
"Mareez - E - Ishq","Shaarib Toshi","Zid (Original Motion Picture Soundtrack)","Sad🥺❤️","Playlist","INS171402347","2HqSND303T7sT0wOPj3K3C"
"Baatein Ye Kabhi Na - Male","Jeet Gannguli","Khamoshiyan (Original Motion Picture Soundtrack)","Sad🥺❤️","Playlist","INS171402463","0PxMHdQ6bSz9q0eJj3kJzb"
"Aasan Nahin Yahan","Arijit Singh","Aashiqui 2","Sad🥺❤️","Playlist","INS181303038","06zJUeKU5KFy50Cho6pDcr"
"Main Agar","Pritam","Tubelight (Original Motion Picture Soundtrack)","Sad🥺❤️","Playlist","INS171701529","45IVxWsY3y0wLLk77bZWlA"
"Zaroorat","Mustafa Zahid","Ek Villain","Sad🥺❤️","Playlist","INS181401037","32U1XMh3DKlm45uvpofhvY"
"Allah Waariyan","Shafqat Amanat Ali","Yaariyan","Sad🥺❤️","Playlist","INS181306568","6YYVzVapUF3UnZQ0igasl3"
"Lambiyaan Si Judaiyaan","Arijit Singh","Raabta","Sad🥺❤️","Playlist","INS181700909","5eycUcX0HZsZjSKPD58pF8"
"Zara Zara","Omkar Singh","Zara Zara","Sad🥺❤️","Playlist","INH102309279","5wPcoRRCCuhST2JAL2iBAt"
"Ek Raat","Vilen","Ek Raat","Sad🥺❤️","Playlist","IND381700400","5trLYW0GIV2xESg4lbJrhY"
"Yeh Dil Deewana","Sonu Nigam","Pardes (Original Motion Picture Soundtrack)","Sad🥺❤️","Playlist","INT109700003","1dZuiEX0EjvQai3N7BlUmT"
"Ae Dil Hai Mushkil Title Track","Pritam","Ae Dil Hai Mushkil (Original Motion Picture Soundtrack) [Deluxe Edition]","Sad🥺❤️","Playlist","INS171602089","1UWacd8x8tPPwmrPB1MoBI"
"Lo Maan Liya (From ""Raaz Reboot"")","Arijit Singh","2016 Shining Star - Arijit Singh","Sad🥺❤️","Playlist","INS181601362","0VgwIvS4QrT75GqKpIyoUz"
"Barsaat Ke Mausam Mein","Kumar Sanu","Naajayaz (Original Motion Picture Soundtrack)","Sad🥺❤️","Playlist","INT109500041","1hGj2l3qGnv33MGXqse1hQ"
"Mujhe Peene Do","Darshan Raval","Mujhe Peene Do","Sad🥺❤️","Playlist","FRS182091238","3FbZoPzEaUBOD84l1FwFEH"
"Mujhe Peene Do","Arshman Naeem","Mujhe Peene Do","Sad🥺❤️","Playlist","QMDA72202887","3yjpjV7kO47ADdIx5HNcyv"
"Tere Ishq Mein Naachenge","Kumar Sanu","Raja Hindustani (Original Motion Picture Soundtrack)","Sad🥺❤️","Playlist","INT109600007","6WvdfYCOHdM5p72uYRh1ir"
"Ranjheya Ve","Zain Zohaib","Ranjheya Ve","Sad🥺❤️","Playlist","QZN882298909","5J9L7IbadCt0ivs9xmNrr0"
"Paro","Aditya Rikhari","Paro","Sad🥺❤️","Playlist","DGA0Q2419565","6nRGPf5tpeJtKpXZO5cgIT"
"Sahiba","Aditya Rikhari","Sahiba","Sad🥺❤️","Playlist","INS182303606","0eLtIxPRNJfsmehITZ1qaJ"
"Pal Pal ","","Afusic, Talwiinder","Sad🥺❤️","Playlist","","3GBwhjvoetzYWrueA1It0t"
"Teri Yaad Yaad Yaad","Ghulam Ali","Bewafaa (Original Motion Picture Soundtrack)","Sad🥺❤️","Playlist","INT100400008","0fop0xkp8P9b7JTJSDdBB4"
"BAWAL","DhiruMonchik","BAWAL","Sad🥺❤️","Playlist","INN2I2503185","148gVN30DwI6zL5pgpYfSA"
"Thodi Jagah (From ""Marjaavaan"")","Arijit Singh","Thodi Jagah (From ""Marjaavaan"")","Sad🥺❤️","Playlist","INS181905108","3f0wz6zcA7XkQiGm0qNF5r"
"Dua Kijiye","Sameer Khan","Dua Kijiye","Sad🥺❤️","Playlist","INT102305404","1wiN20nbVrsOepCSBgFjDy"
"Deewaniyat (From ""Ek Deewane Ki Deewaniyat"") (Original Motion Picture Soundtrack)","Vishal Mishra","Deewaniyat (From ""Ek Deewane Ki Deewaniyat"") (Original Motion Picture Soundtrack)","Sad🥺❤️","Playlist","USA2P2542425","3EKHZNd0qflQK8UImpUu3k"
"Gal Sun","Sabat Batin","Gal Sun","Sad🥺❤️","Playlist","USL4Q2570155","0DCmf7066T5DAjiF8uahv1"
"Yaad Na Aaye","Akull","Yaad Na Aaye","Sad🥺❤️","Playlist","INUM72200001","6cNosdXGIRwFb2jtBay1mu"
"Pal Pal Dil Ke Paas - Title Track - From ""Pal Pal Dil Ke Paas""","Arijit Singh","Pal Pal Dil Ke Paas - Title Track (From ""Pal Pal Dil Ke Paas"")","Sad🥺❤️","Playlist","INZ031406006","3xeqwaUWpJI8j5gmCaHxt8"
"Teri Yaadon Mein","KK","The Killer","Sad🥺❤️","Playlist","INS180600780","4ZVfIGaZP93t0stmBj4FqA"
"Mann Mera","Gajendra Verma","Table No. 21 (Original Motion Picture Soundtrack)","Sad🥺❤️","Playlist","GBSGZ1200069","0mwAlZqPUWpZJIut93y40W"
"Saanson Ko (From ""Zid"")","Shaarib Toshi","Saanson Ko (From ""Zid"")","Sad🥺❤️","Playlist","INS171402346","1HzNbxPRn9onoxxeZByHYJ"
"Hola Amigo","KR$NA","FAR FROM OVER","Sad🥺❤️","Playlist","INK492300297","19pHSvXUwErAXFktkvYMk9"
"Sun Saathiya - Lofi Mix by L3AD","Sachin-Jigar","Sun Saathiya (Lofi Mix by L3AD)","Sad🥺❤️","Playlist","INZ031413956","6l7MsekT9Le9GvAkn5ZTVH"
"Main Woh Chaand","Darshan Raval","Teraa Surroor","Sad🥺❤️","Playlist","INS181600170","06uNwpGEx0XElATDWFwsxZ"
"Lo Maan Liya","Arijit Singh","Raaz Reboot","Sad🥺❤️","Playlist","INS181601362","2wJ9d1Gfj8OqcznPAroqvh"
"Bekhudi","Darshan Raval","Teraa Surroor","Sad🥺❤️","Playlist","INS181600182","3EliEN3AUNuC8IFzcCJGxO"
"Pal Pal","","Afusic, Talwiinder","Sad🥺❤️","Playlist","","1mpHqWMiccSPgy8CF36XJs"
"Aankhein Khuli","Jatin-Lalit","Mohabbatein","Sad🥺❤️","Playlist","INY090000004","16XEVyPh5NT31CAAqPbxQF"
"Roi Naa","løve.wav","Roi Naa","Sad🥺❤️","Playlist","USL4Q2150518","46UPtWGq5rRVLDDOCu4z1G"
"Sochta Hoon Keh Woh Kitne Masoom Teh - Complete Original Recording","Nusrat Fateh Ali Khan","Ustad Nusrat Fateh Ali Khan","Sad🥺❤️","Playlist","GBKRT1854104","3NTyFn8VbAe7eGpMWaZfsx"
"Labon Ko","Pritam","Bhool Bhulaiyaa","Sad🥺❤️","Playlist","INS180705571","5WncH5iZ5GFlnXm7jKEXVP"
"Jee Karda","Sachin-Jigar","Badlapur (Original Motion Picture Soundtrack)","Sad🥺❤️","Playlist","GBSGZ1400274","2F1alKpRT9rPJYy079fRDt"
"THAT'S WHY","Chyde","THAT'S WHY","Sad🥺❤️","Playlist","QZTB42598696","4AwimtC3ISH768JK4ILrxO"
"别让爱凋落（Mylove 请别让爱凋落）","卢润泽","别让爱凋落（Mylove 请别让爱凋落）","Sad🥺❤️","Playlist","NL3M12513475","0dTqewnzu5VztCjyAvUI3J"
"My Love","Justin S","My Love","Sad🥺❤️","Playlist","DGA062508553","3LGbq87WzfU0WHfgxogRD2"
"Aadat - From ""Kalyug""","Atif Aslam","Kalyug (Original Motion Picture Soundtrack)","Sad🥺❤️","Playlist","INH100510220","5VrLz2NUTLbPzgjuVOjxUx"
"Hothon Se Chhu Lo Tum - From ""Prem Geet""","Jagjit Singh","Dard-E-Jigar","Sad🥺❤️","Playlist","INP100300059","4mBmsPcPa1Eu4LDTHq55Ab"
"Love Is A Waste Of Time","Sonu Nigam","Pk","Sad🥺❤️","Playlist","INS181420959","0q8g9felKNWRG6lBxQ7FX6"
"Kaise Hua (From ""Kabir Singh"")","Vishal Mishra","Kaise Hua (From ""Kabir Singh"")","Sad🥺❤️","Playlist","INS181903732","1y1rQTkWmrZdJmjwuK07GC"
"Tu Aake Dekhle","King","The Carnival","Sad🥺❤️","Playlist","FRX762050882","5BKKKNwrebowaMoUdBaNby"
"Dooron Dooron","Paresh Pahuja","Dooron Dooron","Sad🥺❤️","Playlist","FR10S2206597","0q5e5KtUOhYQujmhLP0pKd"
"Jab Bhi Teri Yaad","IZSHOJ","Jab Bhi Teri Yaad","Sad🥺❤️","Playlist","QZNWU2268470","2yeZJ2AaEZx8M9JMfuHHzX"
"Bol Na Halke Halke","Shankar-Ehsaan-Loy","Jhoom Barabar Jhoom","Sad🥺❤️","Playlist","INY090700151","0u8wprNfOdcWpUlWnfMcpP"
"Sajdaa","Shankar-Ehsaan-Loy","My Name Is Khan (Original Motion Picture Soundtrack [Deluxe Edition])","Sad🥺❤️","Playlist","INS170900501","0Qa9pTZLUC95wJCHGYMIg4"
"Tere Bin (From ""Simmba"")","Rahat Fateh Ali Khan","Tere Bin (From ""Simmba"")","Sad🥺❤️","Playlist","INS181802846","4f5kLqyOJ5ZPnalEVMQrB2"
"Jiya Dhadak Dhadak Jaye - From ""Kalyug""","Rahat Fateh Ali Khan","Best Old Songs","Sad🥺❤️","Playlist","INH100510219","06c7zIhhtyfmpuJUgkP9aM"
"Teri Ore","Pritam","Singh Is Kinng (Original Motion Picture Soundtrack)","Sad🥺❤️","Playlist","INT130800414","5aU0fpmu2sdYJVOHVHCz5s"
"Ajj Din Chadheya","Pritam","Love Aaj Kal (Original Motion Picture Soundtrack)","Sad🥺❤️","Playlist","GBSGZ0900022","4nI0hEooMKdC8qIvBXz1WZ"
"Dagabaaz Re","Rahat Fateh Ali Khan","Dabangg 2","Sad🥺❤️","Playlist","INS181207217","6MudETKykE31rz3v2DOHa0"
"Dost Banke","Gurnazar","Dost Banke","Sad🥺❤️","Playlist","US38Y2401511","2k0D2OXWXwuwBPXLQQYmZx"
"Dil Pe Zakham Khate Hain","Nusrat Fateh Ali Khan","Revamped, Vol. 3 (Remix)","Sad🥺❤️","Playlist","GBKRT2246001","0Dg23zVaNGqUpEtKq9yoVn"
"Sanson Ki Mala Peh Simroon","Nusrat Fateh Ali Khan","Ustad Nusrat Fateh Ali Khan","Sad🥺❤️","Playlist","GBKRT1854109","48NOGLR1kttuaPAQMKQavI"
"Halka Halka Saroor","Nusrat Fateh Ali Khan","Ustad Nusrat Fateh Ali Khan","Sad🥺❤️","Playlist","GBKRT1854107","3JpgL5TzK5mqcwjPUKlF54"
"Kali Kali Zulfon Ke Phande Nah Dalo","Nusrat Fateh Ali Khan","Shahen-Shah (Real World Gold)","Sad🥺❤️","Playlist","GBCPA8901121","0FTfaxNtqgYbqPPcrWQ1IS"
"Mere Rashke Qamar (From ""Baadshaho"")","Nusrat Fateh Ali Khan","Mere Rashke Qamar (From ""Baadshaho"")","Sad🥺❤️","Playlist","INS181701288","50sbcAcWHgDPRDkYBEUpkA"
"Dekhte Dekhte","Atif Aslam","Batti Gul Meter Chalu","Sad🥺❤️","Playlist","INS181801890","1scGwkyXNCl19wrBDhnAWg"
"Tumhen Dillagi Bhool Jaani Padegi","Nusrat Fateh Ali Khan","Mehfil By Nusrat Fateh Ali Khan Vol.4","Sad🥺❤️","Playlist","INN170510180","2xhW7AN54l5H0M2mOtfUWl"
"Bol Do Na Zara","Armaan Malik","Bollywood Romantic Songs With Armaan Malik","Sad🥺❤️","Playlist","INS181600615","5XD2tP1DRH2NJgp45HiEQA"
"Musafir (From ""Sweetiee Weds Nri"")","Palash Muchhal","Musafir (From ""Sweetiee Weds Nri"")","Sad🥺❤️","Playlist","INS181700809","6O6L3hL5IlKuMhMqggTX4w"
"Har Kisi Ko (From ""Boss)","Arijit Singh","Love Dose Arijit Singh","Sad🥺❤️","Playlist","INS181305660","4A7eOIbt19Wk5OXjVxE3SI"
"Zara Sa","Pritam","Jannat (Original Motion Picture Soundtrack)","Sad🥺❤️","Playlist","INS170800033","18YHbIhrleUkKKj2DvEp79"
"Shaam Bhi Khoob Hai","Kumar Sanu","Karz: The Burden Of Truth","Sad🥺❤️","Playlist","INS180241177","2VgsJClN9yk5zrwiCcFYa5"
"Dil Laga Liya Maine","Nadeem Shravan","Dil Hai Tumhaara (Original Motion Picture Soundtrack)","Sad🥺❤️","Playlist","INT100200009","5thheALMKZqEl479BxqAnL"
"Falak Tak","Vishal-Shekhar","Tashan","Sad🥺❤️","Playlist","INY090800007","0IudGhdeJZwJ0Ps6ndtQDt"
"Agar Tum Mil Jao - From ""Zeher""","Shreya Ghoshal","Zeher (Original Motion Picture Soundtrack)","Sad🥺❤️","Playlist","INH100502935","14k5ZaCWRYwXdz2FWCaQby"
"Piya Aaye Na","Tulsi Kumar","Aashiqui 2","Sad🥺❤️","Playlist","INS181303036","1ELMyeJLDHUz3cK3XTWgEi"
"Bye","Aditya Bhardwaj","Bye","Sad🥺❤️","Playlist","TCAGP2204116","0PGU5mcLncBYE8yuVpSwqA"
"Hamari Adhuri Kahani (Title Track)","Jeet Gannguli","Hamari Adhuri Kahani (Original Motion Picture Soundtrack)","Sad🥺❤️","Playlist","INS171500730","3HiobOOpSpMsi95WBKPBYk"
"Zaroori Tha","Rahat Fateh Ali Khan","Back 2 Love","Sad🥺❤️","Playlist","INUM71400256","0JChw6k59cZxegh0SGceE1"
"Tum Todo Na (Male)","Ash King","I","Sad🥺❤️","Playlist","INS181427606","0WCP8cKDu29QkKtapB3JSr"
"Hue Bechain (From ""Ek Haseena Thi Ek Deewana Tha"")","Yasser Desai","Hue Bechain (From ""Ek Haseena Thi Ek Deewana Tha"")","Sad🥺❤️","Playlist","INSY92400051","2qQmPENf7misI6Qtt3IXUu"
"Mera Hua (From ""Ek Deewane Ki Deewaniyat"") (Original Motion Picture Soundtrack)","Annkur R Pathakk","Mera Hua (From ""Ek Deewane Ki Deewaniyat"") (Original Motion Picture Soundtrack)","Sad🥺❤️","Playlist","USA2P2549572","6AruzerQiOr65Muh9T7rGI"
"I’m Done. - I-Popstar: Vol. 1","Maan Panu","I-Popstar: Vol. 1 | Episodes 1–3","Sad🥺❤️","Playlist","INW262543714","0YRpv07J0y7J73X87efpia"
"Pal Pal Dil Ke Paas - From ""Blackmail""","Kishore Kumar","The Golden Years, Vol. 1","Sad🥺❤️","Playlist","INP100300046","71j40GUuIgwpEGmoupat2O"
"Humdum","Aditya Rikhari","Humdum","Sad🥺❤️","Playlist","INUM72400431","1ZbcAMnlobqTAg2gZp3po1"
"Tu Junooniyat (Climax Song)","Shrey Singhal","Junooniyat","Sad🥺❤️","Playlist","INS181600799","5IorK4S2LrsneibnEjC8uF"
"Bulleya","Vishal-Shekhar","Sultan","Sad🥺❤️","Playlist","INY091600054","3tgdOveYac7YMEAQD9sGLf"
"Tu Jaane Na","Pritam","Ajab Prem Ki Ghazab Kahani (Original Motion Picture Soundtrack)","Sad🥺❤️","Playlist","INT100900025","4iFPsNzNV7V9KJgcOX7TEO"
"Bol Bol Bol","Ila Arun","Trimurti (Original Motion Picture Soundtrack)","Sad🥺❤️","Playlist","INT109500313","1l3xwcLUBx61xoZ40nXDs2"
"Aankhon Mein Aansoo (From ""Ek Haseena Thi Ek Deewana Tha"")","Yasser Desai","Aankhon Mein Aansoo (From ""Ek Haseena Thi Ek Deewana Tha"")","Sad🥺❤️","Playlist","INSY92400050","6teGf0IP6j98l86C09EWQr"
"Isq Risk","Sohail Sen","Mere Brother Ki Dulhan","Sad🥺❤️","Playlist","INY091100022","0rxEPf4Y6uBmV3hkrV340a"
"Phir Mohabbat","Mohammed Irfan","Murder 2","Sad🥺❤️","Playlist","INS181101313","2b2HutIDmoeBnnKRWDLAtV"
"Woh Ladki Bahut Yaad Aati","Kumar Sanu","Qayamat (Original Motion Picture Soundtrack)","Sad🥺❤️","Playlist","INV110300598","6T2D4mdJ0qRS0GIZmf5pPU"
"Yaaron Sab Dua Karo","Ritik Gupta","Yaaron Sab Dua Karo","Sad🥺❤️","Playlist","DGA0T2407994","2jmflUL0E4h8zDfj2dNfjn"
"Ishq-E-Jaan","Rahat Fateh Ali Khan","Ishq-E-Jaan","Sad🥺❤️","Playlist","INA3S2105316","7IhEb2oc4WwmhKXh5p2EpV"
"Malang","Pritam","Dhoom:3","Sad🥺❤️","Playlist","INY091300051","65bMbbRjIlGyJBgQRi6Qvv"
"Intaha Ho Gai Intezar Ki","Kishore Kumar","Sharaabi","Sad🥺❤️","Playlist","INH109635900","61OuMhMwq1ukmfrOnrrQGV"
"Mere Rang Mein Rangne Wali","S. P. Balasubrahmanyam","Maine Pyar Kiya","Sad🥺❤️","Playlist","INH109440770","3Ml6yp86hwJG0UKTyZ8Loa"
"Tere Naam","Udit Narayan","Tere Naam","Sad🥺❤️","Playlist","INS180376676","0mXcEgjLvFcdwCJ6iMFdL4"
"Khuda Bhi","Tony Kakkar","Ek Paheli Leela","Sad🥺❤️","Playlist","INS181500353","0ZDIbqhCCa0i3j5WDZioEP"
"Lutt Le Gaya","Shashwat Sachdev","Dhurandhar","Sad🥺❤️","Playlist","INH102507147","2dQMisG0lyz6Z8J4zYdAsG"
"Allah Duhai Hai","Atif Aslam","Race 2 (Original Motion Picture Soundtrack)","Sad🥺❤️","Playlist","INT101202575","2TktNdu8PMfhApbWHDFSgZ"
"Dastaan - E - Om Shanti Om","Shaan","Om Shanti Om","Sad🥺❤️","Playlist","INS180705754","4IPzzBnFrGrlijBWY0JDYB"
"Salamat","Amaal Mallik","Sarbjit","Sad🥺❤️","Playlist","INS181600636","1SRUb3cwUSuQmkRFTIoWM0"
"Pal Pal - Talwiinder Verse","Talwiinder","Pal Pal (Talwiinder Verse)","Sad🥺❤️","Playlist","AEUM72500212","6tEs8Zv72SgskYAJdzfOFL"
"Inaam","Anuv Jain","Inaam","Sad🥺❤️","Playlist","INUM72501643","52Zf1kNdojgRkkw39O6vwl"
"Mafiyaan","Sukriti Kakar","Mafiyaan","Sad🥺❤️","Playlist","INUM71900024","1YIpi9FrVSr1wpzKNukm3J"
"Teri Meri Kahaani","Palak Muchhal","Gabbar Is Back (Original Motion Picture Soundtrack)","Sad🥺❤️","Playlist","INZ031400534","4gALQzXkEYPdAlIGCXwHnJ"
"Teri Meri","Rahat Fateh Ali Khan","Bodyguard","Sad🥺❤️","Playlist","INS181102562","1HT0RzPuChHC1kWbIplHyw"
"Ramta Jogi","Sukhwinder Singh","Taal (Original Motion Picture Soundtrack)","Sad🥺❤️","Playlist","INT109900006","2fsPrE2NYiHOHPMuWbjvTj"
"Judaai","Sachin-Jigar","Badlapur (Original Motion Picture Soundtrack)","Sad🥺❤️","Playlist","GBSGZ1500294","00qMUwE9nRJhTtb83wrAKs"
"Chal Diye Tum Kahan","AUR","Kabhi Main Kabhi Tum (Original Motion Picture Soundtrack)","Sad🥺❤️","Playlist","TCAIK2476766","6RRMrws5dVKALzhTvH8GFL"
"Churake","Vilen","Churake","Sad🥺❤️","Playlist","INUM72500030","5fJeJQBDLq1A6iNNX4spkO"
"Tere Liye","Atif Aslam","Prince (Original Motion Picture Soundtrack)","Sad🥺❤️","Playlist","INT101000002","0fCQRUbk8LIQTdQYGNtGyv"
"Samjhawan","Jawad Ahmad","Samjhawan","Sad🥺❤️","Playlist","INS171401263","0rk2X5TAhraBC5aCIXK2Rq"
"Hum Mar Jayenge","Tulsi Kumar","Aashiqui 2","Sad🥺❤️","Playlist","INS181303034","55eUtE9v3uatR0y0NijM6N"
"Chahun Main Ya Naa","Palak Muchhal","Aashiqui 2","Sad🥺❤️","Playlist","INS181303033","6UgcN95w7vQxkR8sEFmwHG"
"Tum Hi Ho","Arijit Singh","Aashiqui 2","Sad🥺❤️","Playlist","INS181303031","56zZ48jdyY2oDXHVnwg5Di"
"Meri Aashiqui","Palak Muchhal","Aashiqui 2","Sad🥺❤️","Playlist","INS181303035","3E9ryvrKP3hUWX79PAakH2"
"WDTBU","Karma","6 pe 6","Sad🥺❤️","Playlist","INW262546018","2S4bVUZo3sWhSiPDfhrcBF"
"Bairan","Banjaare","Bairan","Sad🥺❤️","Playlist","QZDA42678949","0RsH8g8DxdYZgdGcod5I36"
"Chal Diye Tum Kahan","AUR","Kabhi Main Kabhi Tum (Original Motion Picture Soundtrack)","Sad🥺❤️","Playlist","TCAIK2476766","6RRMrws5dVKALzhTvH8GFL"
"Shikayat","Harshit Agarwal","Shikayat","Sad🥺❤️","Playlist","QZWFT2534974","2FV4w3rw585InmvybBW9Zh"
"Dil Aaya","AviVerse","Dil Aaya","Sad🥺❤️","Playlist","QZK6L2613351","71E6tbvXHNg3A5zsvW241U"
"Khat","Navjot Ahuja","Khat","Sad🥺❤️","Playlist","US39N2556491","3gixnmepHSsyAuho34rprN"
"Pehli Dafah","AviVerse","Pehli Dafah","Sad🥺❤️","Playlist","QZK6L2623278","06jji19byk4YjS4emPMxQx"
"Tere Bin","AviVerse","Tere Bin","Sad🥺❤️","Playlist","QZK6L2623283","0H2nWnDwx85PuU7f6gKima"
"Shikayat","AUR","Shikayat","Sad🥺❤️","Playlist","AEA182300057","7e2dvR0ySx1bBJRDxVJiG1"
"Dil Darda Mera","Arshman Naeem","Dil Darda Mera","Sad🥺❤️","Playlist","INE182576600","13c7VqSVTwxrNYYrrS3mNf"
"Kabhi Kabhi","AUR","Humsafar","Sad🥺❤️","Playlist","AEA182400142","22F7nS0LV4YYt3oPb3xTlV"
"Tu hai kahan","AUR","Tu hai kahan","Sad🥺❤️","Playlist","QZMEM2351612","3zSSCPpLZ5Oc8nelhhGjKz"
"Long time no see","Taimour Baig","Long time no see","Sad🥺❤️","Playlist","QZNWU2351662","6V4N3h4HYD1Ask9cUTxjjg"
"Dooriyan","AUR","Dooriyan","Sad🥺❤️","Playlist","QZFZ72222045","7434BIItQaMs9V5flwjRGq"
"No way to nowhere","AUR","No way to nowhere","Sad🥺❤️","Playlist","QZTB32320996","6gcz7h9wmNUGHNLmluf20H"
"Kahan","AUR","Kahan","Sad🥺❤️","Playlist","QZHNA2272471","7BDGVLmASVmPWOdsz19Qaf"
"Sometimes","AUR","Sometimes","Sad🥺❤️","Playlist","QZTB82286136","6FqF5CMHIMreHf11oZJSZo"
"Husn","Anuv Jain","Husn","Sad🥺❤️","Playlist","INUM72303081","0TL0LFcwIBF5eX7arDIKxY"
"Chehre","AUR","Chehre","Sad🥺❤️","Playlist","QZES52212312","0Xtm9vgMPyvoBxKZXZrjRI"
"Aaja Mahi","AUR","Aaja Mahi","Sad🥺❤️","Playlist","AEA182400022","2VSU1fDunvm2JhVf2Z7TwZ"
"kya chahiye","AUR","kya chahiye","Sad🥺❤️","Playlist","AEA182400112","7pLfiHFblxTwjI81HMjwpE"
"Kabhi Mein Kabhi Tum","AUR","Kabhi Mein Kabhi Tum","Sad🥺❤️","Playlist","AEA182400081","3Sz9b5LuyZ48AFgc37Db8v"
"Humsafar","AUR","Humsafar","Sad🥺❤️","Playlist","AEA182400143","06eOCDprUTBu504KAShd1D"
"Chaand","Brave Wrld","Chaand","Sad🥺❤️","Playlist","DGA0H2301137","3OEmyQYr9f10AkuiFnj52c"
"Confession","CENSOR","Confession","Sad🥺❤️","Playlist","IND832201814","58AHOShrLAeG4FXnt9pSvV"
"Suno","Rishi Kumar","Suno","Sad🥺❤️","Playlist","QM7282375797","0G33qJceMH9qfcfLmKcrni"
"Afsos","Anuv Jain","Afsos","Sad🥺❤️","Playlist","INUM72500068","4Qm7r3ImER8S2Ori1gLMAf"
"If it is for you","MC INSANE","The Heal Album","Sad🥺❤️","Playlist","INSK92300255","2bf1Hk3awDqh1kGHDKQGmm"
"Maand","Bayaan","Safar","Sad🥺❤️","Playlist","AEA182400135","2ZzZ2qwZBWlDKs420hhloc"
"Mai Tera (Lofi Flip)","2facebleed","Mai Tera (Lofi Flip)","Sad🥺❤️","Playlist","QZK6P2153359","0lEiWND8Aw9nmfVEVXvSTO"
"Sometimes","Zever","Sometimes","Sad🥺❤️","Playlist","IND832201826","5aE7sAlW1xhTsv6x9DDR2j"
"Jhol","Maanu","Jhol","Sad🥺❤️","Playlist","US38Y2412656","4XTgFBxBHN6var1BzAgE1m"
"Finding Her","Kushagra","Finding Her","Sad🥺❤️","Playlist","US38Y2435162","5ThyDv6aRVU8AH4vXQNldF"
"Faasle","ULTi ZINDAGi","Faasle","Sad🥺❤️","Playlist","QT3F22451476","5HeK4LUfBx4lp0JgyJh8s4"
"Mein (Original Motion Picture Soundtrack)","Asim Azhar","Mein (Original Motion Picture Soundtrack)","Sad🥺❤️","Playlist","TCAHI2382420","54chAr0cMNDC81EuDnFIgL"
"Tum","Atif Aslam","Laila Majnu (Original Motion Picture Soundtrack)","Sad🥺❤️","Playlist","INZ031403868","7zqAUQYR2iiP8d3yjAc4d4"
"REGRETS","Jevin Gill","REGRETS/PROMISES","Sad🥺❤️","Playlist","QZWFJ2405630","6OUPWxtBj1KaAV7Ku3xgmr"
"Since Tum","JANI","Since Tum","Sad🥺❤️","Playlist","AUBEC2482091","5GnF4uvEcIibqcoYgzIlgS"
"Aaoge Tum Kabhi","The Local Train","Aalas Ka Pedh","Sad🥺❤️","Playlist","INO131301170","5ivRSlOhVIXN2QMzqgsX0s"
"Midnight Thoughts","CENSOR","Midnight Thoughts","Sad🥺❤️","Playlist","GX89G2371482","5B4p835it0x2NTPw1bI46g"
"IDK","CENSOR","IDK","Sad🥺❤️","Playlist","GX8KD2330357","7rXMqddjBtABOXz8X94Boy"
"Teri Yaad","Aditya Rikhari","Teri Yaad","Sad🥺❤️","Playlist","INUM72300020","3uUAbrwsttRpv2kfAvAUN9"
"Faasle","Aditya Rikhari","Faasle","Sad🥺❤️","Playlist","FRX282191255","0s76ExpXyMGVBlKLUr683e"
"Mere Ho Tum","Taimour Baig","Mere Ho Tum","Sad🥺❤️","Playlist","QZES72345995","19f8pND9KI42LZc4Ro3FSq"
"Dastaan","kashifimtiyaz","Dastaan","Sad🥺❤️","Playlist","QZDA42431678","3JmgEi9mnOXGvMoRTbCXW2"
"Me vs Me","Taimour Baig","Me vs Me","Sad🥺❤️","Playlist","QZFZ22325689","26M8dEOgC8Z3xTCsI3Ec4r"
"Aaina","Zever","Aaina","Sad🥺❤️","Playlist","ING212450282","3R1lLP2LvU0wnKmhgd7290"
"Bikhra","Abdul Hannan","Bikhra","Sad🥺❤️","Playlist","QZFZ72272116","0OdztoASgKBBNcAgtErk0X"
"Samjho Na","Aditya Rikhari","Samjho Na","Sad🥺❤️","Playlist","FR2X42205817","1d5lpW3gUyq537iuyrb9Lf"
"Us","AUR","Us","Sad🥺❤️","Playlist","QZHN32305441","19ZOddtLwJK2NDtPQyG9hf"
"Pal Pal","Afusic","Pal Pal","Sad🥺❤️","Playlist","AEUM72500015","4LMlVCXHJtCE9abhmn0mYo"
"Kya Karein","Aditya Rikhari","Kya Karein","Sad🥺❤️","Playlist","GBSMU8765468","7qZClRjuyBwaKQsU0LxX5y"
"Choo Lo","The Local Train","Aalas Ka Pedh","Sad🥺❤️","Playlist","INO131301172","0rlLBWFFTQiOWi963SH9bb"
"Words","CENSOR","Words","Sad🥺❤️","Playlist","GX8LD2230498","4BKg67MOr2w1L4AQ07Lcz8"
"Shayad","AUR","Shayad","Sad🥺❤️","Playlist","QZFZ72221431","1Jf2Q6MqDSsESl8B8j8Djw"
"Khuda Ne","Abhishek Masih","Khuda Ne","Sad🥺❤️","Playlist","QZFYZ2525882","6Eab3o8OsMWZQxyNgBwOkd"
"Gumaan","Young Stunners","Gumaan","Sad🥺❤️","Playlist","AUBEC2053142","6cdiviyVL3tFYE1eDcmUzL"
"Tanha","AUR","Tanha","Sad🥺❤️","Playlist","QZRP52278119","7lcVpugORjvZCkbuXJtuqc"
"Bracelet","KARTAVYA","Bracelet","Sad🥺❤️","Playlist","CHF032409029","30G80PCebpHltwtC3iDNKk"
"Jaana Meri Jaana","PNKJ","Jaana Meri Jaana","Sad🥺❤️","Playlist","TCAHF2320363","1dR1j2RNtlJMWlCjv6nj5u"
"Tere Naal","Bayaan","Safar","Sad🥺❤️","Playlist","AEA182400137","2EU1TUgOHG4NPiVdTlPSQ7"
"Zehen Mein","Zever","Zehen Mein","Sad🥺❤️","Playlist","IND832201872","1B7Hp5jJM6RhEPi2IuyFyb"
"Let's Talk","Krantiveer","Lets Talk","Sad🥺❤️","Playlist","IND832202358","3Ut4NyOkKDwGfPSTzp3nNH"
"Saalo Saal","Taimour Baig","Saalo Saal","Sad🥺❤️","Playlist","QZDA42202249","2QYqaRQrGAGZyFEX86RdPl"
"After Death","Kartavya Beniwal","After Death","Sad🥺❤️","Playlist","CHF032210778","5ssOGHOb51CPqWUqYQIWnf"
"Mood Swings","Musaafir","Mood Swings","Sad🥺❤️","Playlist","QZAMM2042766","2gwF8weF7bct9y2Zs4A4iO"
"Awkward","Musaafir","Awkward","Sad🥺❤️","Playlist","QZAMM2053363","4BmwCWTwJCD2yXgwXzSDw6"
"Feels","Mufasa Rex","Feels","Sad🥺❤️","Playlist","QZHN72016827","3i3Z4DJcVfUPwqyaHyHEzv"
"The Me Who I Lost in You","Rishi Kumar","The Me Who I Lost in You","Sad🥺❤️","Playlist","TCAHW2418787","6vPaWN8cQiYA2O5FNOCtPd"
"The Me Who I Lost in You , Pt.2","Rishi Kumar","The Me Who I Lost in You , Pt.2","Sad🥺❤️","Playlist","TCAIH2429754","3hcTFOmxAUSOpZFsmOXEXU"
"Reason","Zever","Reason","Sad🥺❤️","Playlist","CHF032415677","1Bsjd0llMz2WenJwNYmrUi"
"Siyah","Abdul Hannan","Siyah","Sad🥺❤️","Playlist","ushm22265385","6xFWVY7hS55qaF7fXBEw7X"
"Naseeb","FEARLESS","Naseeb","Sad🥺❤️","Playlist","INA2W2402361","529POyxHRxWZ8EDR23PAK5"
"I Wish","Arpit Dayal","I Wish","Sad🥺❤️","Playlist","TCAHT2443759","5LPbVLDleCLIZrgFemWkN0"
"Goodbye","lekhak","Goodbye","Sad🥺❤️","Playlist","CHF032404702","5JdeSgIBqpdoC3RudqPkCu"
"I'm Tired","THE RDX","I'm Tired","Sad🥺❤️","Playlist","ESA011583329","6EURN8o9oeXwBfy4lV6FeD"
"Love is the remedy","lekhak","Love is the remedy","Sad🥺❤️","Playlist","FR10S2440990","6Xz4BufoeHt31xvBFPrC4Q"
"The Last Talk","The Singh","The Last Talk","Sad🥺❤️","Playlist","INDB42400850","6Aq4cO87R2tW0pvEaJudhH"
"Letter to You","Rishi Kumar","Letter to You","Sad🥺❤️","Playlist","TCAIS2489476","3XgEnJwzI6S3Zfm82flXSP"
"MENTAL STATE","SADAKAT","MENTAL STATE","Sad🥺❤️","Playlist","CHF032420373","2QZjztaZ2WZQick87G5WBH"
"Mai","The RDX","Ink","Sad🥺❤️","Playlist","INA1I2102331","0qRweSXpSW8uiDaXUHd0Il"
"Gulaam","Mufasa Rex","Gulaam","Sad🥺❤️","Playlist","QZPLR2318100","1ldyCKwO2qLUdNX1RHPldo"
"Jeete Rehne De","Sandeep mehra","Jeete Rehne De","Sad🥺❤️","Playlist","TCAIR2450744","4L12bm5k0sgBQvNKMMjuLR"
"Haseen","Talwiinder","Haseen","Sad🥺❤️","Playlist","TCAJH2583153","08GYLNhKthS3arMdXsveRI"
"Ulfat","Itz Akrit","Ulfat","Sad🥺❤️","Playlist","DGA0H2300275","3HtwS6dG9PYVhLrHODDdnA"
"Teri Yaadon Mein","Itz Akrit","Teri Yaadon Mein","Sad🥺❤️","Playlist","INT632302782","23dtvtBWFJNrEoFoBHsfL5"
"Into You","Hiten","Into You","Sad🥺❤️","Playlist","INUM72401407","4Ele73ctCMDU8qQDIfy9yq"
"22/10","THE RDX","22/10","Sad🥺❤️","Playlist","QZFZ72244829","68BhP293hxuHeKRKFSj2SW"
"Jeete Rehne De & Tu Hai Kahan","Sandeep mehra","Jeete Rehne De & Tu Hai Kahan","Sad🥺❤️","Playlist","TCAIU2451260","5BdIe3MyRaTixkDcRTV2dl"
"Mere Dil Mai","PNKJ","Mere Dil Mai","Sad🥺❤️","Playlist","QZZ7T2431636","0IHvaQL8eUyruzxZjZD1IW"
"Kahaniyaan","Mufasa Rex","Marhoom","Sad🥺❤️","Playlist","CHF032404559","4vYKviRzkU2xCj3sKnk2rW"
"Kho Gaya","Itz Akrit","Kho Gaya","Sad🥺❤️","Playlist","AUBEC2564274","3MoJm4pLcflVZzDhuSImN3"
"Maine Poocha Toh Keh Gayi","Kushagra","Love19","Sad🥺❤️","Playlist","INW272300042","3NGcMzRL97leVLqByG6aHi"
"Par Ab Jo Aayegi Tu","AUR","Par Ab Jo Aayegi Tu","Sad🥺❤️","Playlist","QZTAT2509543","1vHGhvGoDwLQOD2ZzrS6qU"
"Phool","AUR","Phool","Sad🥺❤️","Playlist","QZPLS2526144","3oo9ACQUtOeDF8WOoNDQGo"
"Dill","AUR","Par Ab Jo Aayegi Tu","Sad🥺❤️","Playlist","QZTAW2542306","3p4nPgyNTLdYr7x7qQnRrL"
"Woh Nigahen Adayein","Swapnil Choudhary","Woh Nigahen Adayein","Sad🥺❤️","Playlist","UK6822418835","6Mu8VFHe7J21MxJzkD24ny"
"Fir Ek Dafa","Itz Akrit","Fir Ek Dafa","Sad🥺❤️","Playlist","INM8T2300306","3ofms6aYJRXpYJtwgIIufU"
"Sajde - From ""Lost;Found""","Faheem Abdullah","Sajde (From ""Lost;Found"")","Sad🥺❤️","Playlist","FRX762437052","6lXXUx3PwJ4B4cln5FJfzo"
"Tu","Talwiinder","Tu","Sad🥺❤️","Playlist","INS182402041","2GzjIHQ87BF2zgbmmthZzO"
"Kehne Lagaa","Rushil Aswal","Kehne Lagaa","Sad🥺❤️","Playlist","QMBZ92453150","1TtX2QDYyCkJ0567Fanbas"
"Khwab Jaisi","Musaafir","Khwab Jaisi","Sad🥺❤️","Playlist","QZAMM2136066","3Mur4IcTATvuuEV7zlzGkt"
"Winds","SarpDansh","Winds","Sad🥺❤️","Playlist","CHF032383070","6pFOMGw6kX4CtvFynT1k5v"
"Mera Chaand","Dikshant","Mera Chaand","Sad🥺❤️","Playlist","FR10S2461837","1OpaXuFejD7SZihxltCY0i"
"Raanjhan (From ""Do Patti"")","Sachet-Parampara","Raanjhan (From ""Do Patti"")","Sad🥺❤️","Playlist","INS182402832","4vHRQnzGcKEtqsLH70tAms"
"You","THEMXXNLIGHT","You","Sad🥺❤️","Playlist","TCAHI2358679","1yULhvE55WMcQqRCYiqUOh"
"Dard-E-Dil","Panther","Kasam Paida Karne Wale Ki","Sad🥺❤️","Playlist","INS172301288","03y8Cgy0PeirQ7EOlEzETX"
"Tu Nasha","Dhruv Sthetick","Tu Nasha","Sad🥺❤️","Playlist","INV422000095","4n6nAPvpCmb3yLEwTV3Crq"
"Rozaana","Kushagra","Rozaana","Sad🥺❤️","Playlist","US38Y2429352","1oGSv6ohmyxzoLkS65Heic"
"Zikr","Zever","Zikr","Sad🥺❤️","Playlist","CHF032414339","2VTohxzvr5bVPeT1rI07qE"
"Mi Amor","Sharn","Mi Amor","Sad🥺❤️","Playlist","QZPLR2255053","6abZ3FsLpBIKhjq387M6VH"
"20 SAAL","SADAKAT","20 SAAL","Sad🥺❤️","Playlist","CHF032411057","3641qQwHZrP1X6IiJIuNAN"
"Mai Woh Panchi","Swapnil Choudhary","Mai Woh Panchi","Sad🥺❤️","Playlist","UK6822418801","6jZod5dNTJPIYxaoI9RWEK"
"Jo Tu Na Mila","Asim Azhar","Jo Tu Na Mila","Sad🥺❤️","Playlist","INUM71800036","6DefzsWqnwrFrmNVnJxWkS"
"Meri Zindagi Hai Tu","Asim Azhar","Meri Zindagi Hai Tu","Sad🥺❤️","Playlist","QT6632597976","5RYXTC4G3RYYP6pUmaF6s2"
"Ishq Murshid (Original Score)","Ahmed Jahanzeb","Ishq Murshid (Original Score)","Sad🥺❤️","Playlist","TCAHJ2349948","6l5MuMbNwF9ElA9JjK0Q7y"
"Tera Mera Hai Pyar (From ""Ishq Murshid"")","Ahmed Jahanzeb","Tera Mera Hai Pyar (From ""Ishq Murshid"")","Sad🥺❤️","Playlist","TCAHP2390856","7n3BVENCi9odYvNeFwcmCv"
"shutup call","Jevin Gill","one sided luv","Sad🥺❤️","Playlist","QMDA72544603","2YUgUYAXNCrhF7t9Bk9qQH"
"Jeena Nahin","Bilal Ali","Jeena Nahin","Sad🥺❤️","Playlist","QZTBA2573404","6MJRO8UIaNZsme2Hr7zDLV"
"Haareya","Mufasa Rex","Haareya","Sad🥺❤️","Playlist","QZDA52315194","0lA6IFS2h0pQQEVVB6q3Qj"
"Toot Gaya","Yashal Shahid","Love Guru (Original Motion Picture Soundtrack)","Sad🥺❤️","Playlist","TCAJR2517982","0LuKPCUYuy3zYklMVioqAD"
"Nafrat","Darshan Raval","I Loved You","Sad🥺❤️","Playlist","INW262539625","0NLOLiHF6Ti0QtX5P7gziI"
"Zindagi Bata De","Tony Kakkar","Meherbaan","Sad🥺❤️","Playlist","USA2P2228690","7EEOuaVU4b3ktf4TEMDHxB"
"Arz Kiya Hai | Coke Studio Bharat","Anuv Jain","Arz Kiya Hai | Coke Studio Bharat","Sad🥺❤️","Playlist","INUM72500914","1bMkimTb47umgNP6xCi4A1"
"No Love","Shubh","No Love","Sad🥺❤️","Playlist","QZDA52252890","08Isz2ETWSBhvIl8UpKYsp"
"cold love","Jevin Gill","one sided luv","Sad🥺❤️","Playlist","QMDA72544511","2Sgsjxr0uDzh85zasth6ao"
"intense","Jevin Gill","one sided luv","Sad🥺❤️","Playlist","QMDA72544548","39XDAs7isq3bNVUtD4zTum"
"jealousy","Jevin Gill","one sided luv","Sad🥺❤️","Playlist","QMDA72544575","2BL5wfa9IaPWcomMYBJUU7"
"my type","jaiyash","jzs szn","Sad🥺❤️","Playlist","INN2I2511765","0Q61X21qq2wVnlnXfbYfG2"
"Qurbaniyan - Orignal Soundtrack from Dekh Zara Pyar Se","Asim Azhar","Qurbaniyan (Orignal Soundtrack from Dekh Zara Pyar Se)","Sad🥺❤️","Playlist","QT65Y2627599","1gJqI5BnqE6OkOwdZqZsNg"
"Taaron Se","Arpit Bala","Keychain Laalu","Sad🥺❤️","Playlist","INN2I2528109","40y1QozBRpdIhoMqlqiDc7"
"Sun Saiyan","Masroor Fateh Ali Khan","Sun Saiyan","Sad🥺❤️","Playlist","FR10S2672809","06lMgBeGjqPwBlC0QeOsBH"
"Best Friend","Arpit Bala","Keychain Laalu","Sad🥺❤️","Playlist","INN2I2528098","2ZqdxikKZXZM8cnwarRaP6"
"Kami","Rishabh Vyas","Kami","Sad🥺❤️","Playlist","USDY42612041","7KBnTNajjMjekdqKBUMsX2"
"Sahiba","Jasleen Royal","Sahiba","Sad🥺❤️","Playlist","INW262400729","4ulroyDK6rN73nVkCkWhur"
"For A Reason","Karan Aujla","P-POP CULTURE","Sad🥺❤️","Playlist","CAW112500963","0cYohCh24y1aMjJmcS9RBl"
"Baazi","Supreme Sidhu","Baazi","Sad🥺❤️","Playlist","QZK6P2366747","2fizH4JKFkQcSGS23aGuqP"
"Boyfriend","Karan Aujla","P-POP CULTURE","Sad🥺❤️","Playlist","CAW112500965","3ExgWVPWOQts9RVBkqpdic"
"Moon Rise","Guru Randhawa","Man Of The Moon","Sad🥺❤️","Playlist","INS182202831","3oWv5qDKYN7MH6FdlglMN5"
"Maahi","Shaarib Toshi","RAAZ - The Mystery Continues (Original Motion Picture Soundtrack)","Sad🥺❤️","Playlist","INS170816455","4bIQXffbALkCC0Xo6aTicP"
"Haan Tu Hain","Pritam","Jannat (Original Motion Picture Soundtrack)","Sad🥺❤️","Playlist","INS170800035","4vgCpNUUcpEIBifidhQOnR"
"SPAIN","Jassa Dhillon","VIBIN","Sad🥺❤️","Playlist","DGA092209854","4ZVtid5khBfDx6Co0vTUE6"
"Tum Ho Mera Pyar","KK","Haunted","Sad🥺❤️","Playlist","INS181101110","2EN5aTDtX8852Ih3ss8Rih"
"Zindagi Se","Shafaqat Ali","Raaz 3","Sad🥺❤️","Playlist","INS181202496","3leLzzwwZEaJYGO05B01ku"
"Jaavedaan Hai","KK","1920 Evil Returns","Sad🥺❤️","Playlist","INS181204312","46gHeVTWOJ1jQLwnlH93MW"
"Tera Hi Bas Hona Chaahoon","Jojo Nathaniel","Haunted","Sad🥺❤️","Playlist","INS181101112","44zpMyfg8YBmMVmRgWQZs9"
"Jaaniya","Sidharth Basrur","Haunted","Sad🥺❤️","Playlist","INS181101111","3C7sdXi874cGvWGMPurCTu"
"Tujhe Sochta Hoon","Pritam","Jannat 2 (Original Motion Picture Soundtrack)","Sad🥺❤️","Playlist","INS171200261","47l2Dd3XPBLio3kjbEMyDJ"
"Wajah Tum Ho","Armaan Malik","Bollywood Romantic Songs With Armaan Malik","Sad🥺❤️","Playlist","INS181501976","6q1QIBUfxyZJhygVIiG6c9"
"Dil Ibaadat","Pritam","Tum Mile (Original Motion Picture Soundtrack)","Sad🥺❤️","Playlist","INS170900405","3Kl8p2PxVf8eAayLwTxOIm"
"Mujhko Barsaat Bana Lo","Armaan Malik","Bollywood Romantic Songs With Armaan Malik","Sad🥺❤️","Playlist","INS181600795","1QF1xyTxnAosUDhDPht8zZ"
"Humnava (From ""Hamari Adhuri Kahani"")","Mithoon","Humnava (From ""Hamari Adhuri Kahani"")","Sad🥺❤️","Playlist","INS171500732","4wqyrrwu6HCZWqdbOx53JX"
"Tu Hi Haqeeqat","Pritam","Tum Mile (Original Motion Picture Soundtrack)","Sad🥺❤️","Playlist","INS170900406","3OLFqbd9ZeVjaUKTiaLsD6"
"Toh Phir Aao","Pritam","Awarapan (Original Motion Picture Soundtrack)","Sad🥺❤️","Playlist","INW262200034","10rTRsKQDEke6Dd1Qj57Jd"
"Tere Bin","Mithoon","Bas Ek Pal (Original Motion Picture Soundtrack)","Sad🥺❤️","Playlist","INT100600043","3DpedytYku64Hjf51064vO"
"Saajna","Falak Shabbir","I, Me Aur Main","Sad🥺❤️","Playlist","INS181300344","7KzGAwJRYS9KLMuVnStqYN"
"Pehli Dafa","Atif Aslam","Pehli Dafa","Sad🥺❤️","Playlist","INS181700001","4Tkb7zsDmsawB7S5TpKQV1"
"Main Rahoon Ya Na Rahoon","Amaal Mallik","Main Rahoon Ya Na Rahoon","Sad🥺❤️","Playlist","INS181502052","6f3ANRNQ8nCiPZ6VqXqq93"
"Kurbaan Hua","Salim–Sulaiman","Kurbaan (Original Motion Picture Soundtrack [Deluxe Edition])","Sad🥺❤️","Playlist","INS170900432","4Do9JttTPtRvENDAzq8GfQ"
"Saajna (Unplugged)","Falak Shabbir","I, Me Aur Main","Sad🥺❤️","Playlist","INS181300348","7FEa01m9SgfOaam2AawVF6"
"Tu Meri Dost Hain","Benny Dayal","Yuvvraaj (Original Motion Picture Soundtrack)","Sad🥺❤️","Playlist","INT101903088","02N5ZxOVugGQmKeIT0VXUx"
"Kuch Is Tarah","Atif Aslam","Doorie","Sad🥺❤️","Playlist","INT100600173","7MpBCqNHuNc2dgSckXizRo"
"Woh Lamhe Woh Baatein - From ""Zeher""","Atif Aslam","Best Old Songs","Sad🥺❤️","Playlist","INH100502936","2HNG9q8rXbnijbPTwCMgsb"
"Raaz Aankhein Teri (From ""Raaz Reboot"")","Arijit Singh","Loveholic Arijit Singh","Sad🥺❤️","Playlist","INS181601358","3bfEOwtNn8sr7rUaKCmQXR"
"Khud Ko Tere","Mahalakshmi Iyer","1920 Evil Returns","Sad🥺❤️","Playlist","INS181204313","1oPSszvaYwj64D8Yi8ixMs"
"Safar","Juss","Safar","Sad🥺❤️","Playlist","USHM22276451","57XxjBWEg4bU5nnW5WCSBG"
"Galliyan","Ankit Tiwari","Ek Villain","Sad🥺❤️","Playlist","INS181401009","3ySVdXje5nm31d7vL3jNV3"
"Mat Aazma Re","Pritam","Murder 3 (Original Motion Picture Soundtrack)","Sad🥺❤️","Playlist","INS171300002","0mh4VutnDyBn1sqcp05MZD"
"Humnava Mere","Jubin Nautiyal","Humnava Mere","Sad🥺❤️","Playlist","INS181801175","0loZn1c5heXie7OAtvK6nH"
"Kaun Tujhe (From ""M.S.Dhoni - The Untold Story"")","Palak Muchhal","Best Of Palak Muchhal","Sad🥺❤️","Playlist","INS181601425","1q6pMQBRILzkz0g4rKEXdM"
"Abhi Mujh Mein Kahin","Ajay-Atul","Agneepath (Original Motion Picture Soundtrack)","Sad🥺❤️","Playlist","INS171101350","73y649QhnXdcm6fRdvfraO"
"Saiyaara","Sohail Sen","Ek Tha Tiger","Sad🥺❤️","Playlist","INY091200027","1ocYa8PoVd5e2vPn0xHJcA"
"Meri Aashiqui (From ""Aashiqui 2"")","Palak Muchhal","Best Of Palak Muchhal","Sad🥺❤️","Playlist","INS181303035","07mgrIfzVe5YIgl7bioa9q"
"Jitni Dafa","Yasser Desai","Parmanu (Original Motion Picture Soundtrack)","Sad🥺❤️","Playlist","INZ031403532","2MtlJqRbPKpPx9fJZqPPt4"
"Phir Mulaaqat (From ""Cheat India"")","Jubin Nautiyal","Phir Mulaaqat (From ""Cheat India"")","Sad🥺❤️","Playlist","INS181900012","7eYJ9NjhLPtCjyoJfWpfMr"
"Yaad Hai Na (From ""Raaz Reboot"")","Arijit Singh","2016 Shining Star - Arijit Singh","Sad🥺❤️","Playlist","INS181601359","0a8VuthzR0X6cG5ke46uuK"
"Tum Mere Ho (From ""Hate Story Iv"")","Jubin Nautiyal","Tum Mere Ho (From ""Hate Story Iv"")","Sad🥺❤️","Playlist","INS181800301","4G8W3lPzgu8WibeXEPLvLR"
"Soch Na Sake","Amaal Mallik","Airlift","Sad🥺❤️","Playlist","INS181502125","6mTvwBzWTGDOVeCNQEqtOE"
"Piya O Re Piya","Sachin-Jigar","Tere Naal Love Ho Gaya (Original Motion Picture Soundtrack)","Sad🥺❤️","Playlist","INT101100047","5a11x5PUFvJEadMRqtNtTr"
"Dil Diyan Gallan","Atif Aslam","YRF Top 10 - Falling in Love","Sad🥺❤️","Playlist","INY091700035","0FBQ4NrrHUbR9kus7rzrOj"
"Tum Jo Aaye","Pritam","Once Upon A Time In Mumbaai","Sad🥺❤️","Playlist","INS181007085","2iZeKe5avjtKVmjfSFkpxd"
"Ik Pal Yahi","Saim Bhat","Creature 3D","Sad🥺❤️","Playlist","INS181401881","2p5HDzTukYWPDEht5WJHmU"
"Suno- Na Sangemarmar (From ""Youngistaan)","Arijit Singh","Love Dose Arijit Singh","Sad🥺❤️","Playlist","INS181400375","2ESscisnKdryn50fPeHd7O"
"Tu Jo Mila","Pritam","Bajrangi Bhaijaan","Sad🥺❤️","Playlist","INS181501053","7txLCGOXyDlDXTjtR1Sk4v"
"Soch Na Sake (From ""Airlift)","Arijit Singh","Love Dose Arijit Singh","Sad🥺❤️","Playlist","INS181502137","2NMvelDX7bB59udwAh2qkf"
"Nasha","Talwiinder","Nasha","Sad🥺❤️","Playlist","QZFYZ2277742","2JgTFjNOi9fsXsnmANnYWu"
"Shayad","Pritam","Love Aaj Kal (Original Motion Picture Soundtrack)","Sad🥺❤️","Playlist","INS172000162","1smFN2CLqGROu0J0UyvDfL"
"Naam Chale","Vikram Sarkar","Naam Chale","Sad🥺❤️","Playlist","USA2P2531620","6M6Jgms4Z3x5xYLbnMk5TU"
"Your Eyes","Talwiinder","Your Eyes","Sad🥺❤️","Playlist","QZFYZ2217699","61BlGSnbsC7BNPGNRHOLa1"
"Gallan 4","Talwiinder","Gallan 4","Sad🥺❤️","Playlist","QZES82085174","1SPuc7uit9YBlua4eaVz06"
"Aja","Talwiinder","Aja","Sad🥺❤️","Playlist","TCAII2443910","3qAOWUQcbszxsLUTe3tWyi"
"Khoya","Talwiinder","Khoya","Sad🥺❤️","Playlist","TCAHM2337792","7ar8pQ0KHpwDUfWJAO3whT"
"Talwinder - Wishes - Remake","Raiyan","Talwinder - Wishes (Remake)","Sad🥺❤️","Playlist","QZKDK2253109","7h8GSEQy5SFPfyRZbQAKPj"
"Tu Jo Hain (From ""Mr. X"")","Ankit Tiwari","Tu Jo Hain (From ""Mr. X"")","Sad🥺❤️","Playlist","INS171500352","0RjEjs91p7SpYubEnEanBm"
"Nakhre","Zack Knight","Nakhre","Sad🥺❤️","Playlist","INS181500818","7tpRgru0h8B4eCvdBegLTA"
"Bhula Diya","Zack Knight","REBORN","Sad🥺❤️","Playlist","FRX282571546","0GnEzkvRAC50yKDSB5uZjt"
"Vigdiyan Heeran (From ""Honey 3.0"")","Yo Yo Honey Singh","Honey 3.0","Sad🥺❤️","Playlist","INZ031414584","7qz4tPvG6hm4XeyjtTKNfT"
"Enemy","Zack Knight","Enemy","Sad🥺❤️","Playlist","INS181600879","4YshnKENXHUAR02UIIvQWu"
"Excuse Me Girl (Ambarsariya)","Arjun","Excuse Me Girl (Ambarsariya)","Sad🥺❤️","Playlist","INS181402214","4Jp9F2UGQqXEWHOVZ5ocgq"
"Aa Jao Meri Tamanna","Javed Ali","Ajab Prem Ki Ghazab Kahani (Original Motion Picture Soundtrack)","Sad🥺❤️","Playlist","INT100900023","30IOhjcKbULQUt66nYkUvW"
"Ishq Hai","Anurag Saikia","Mismatched: Season 3 (Soundtrack from the Netflix Series)","Sad🥺❤️","Playlist","INT202405090","3vCzLB6kS2lGcIpm1OOUsy"
"Ek Mulaqat","Jubin Nautiyal","Sonali Cable (Original Motion Picture Soundtrack)","Sad🥺❤️","Playlist","INZ031400155","6uMmWkdJhFs6iwQf80rg50"
"Aa Bhi Jaa Sanam","Atif Aslam","Prince (Original Motion Picture Soundtrack)","Sad🥺❤️","Playlist","INT101000004","2XuP5uP8xloYNXtKY0uQEx"
"Amplifier","Imran Khan","Unforgettable","Sad🥺❤️","Playlist","GBRCG0900001","3f8t2LZGYtdNQh8SNEiZcG"
"Bewafa","Imran Khan","Unforgettable","Sad🥺❤️","Playlist","GBRCG0900013","2sHHVNvfUlegjyhJpRzJjX"
"Brown Rang","Yo Yo Honey Singh","International Villager","Sad🥺❤️","Playlist","INM431101193","3yRLROmAcKJBqTrdEczFB8"
"Together","Shubh","Together","Sad🥺❤️","Playlist","QMDA62533716","2A6LwwRAfCfLc8RNTqSnUu"
"To The Stars","The PropheC","To The Stars","Sad🥺❤️","Playlist","UKD572101301","6YULiEO0ReUvZrIM2RkcVE"
"Jaqeen","Talwiinder","Jaqeen","Sad🥺❤️","Playlist","INS172102520","1nJy3ZevNvqBOZcBaS7Wnc"
"Teri Yaadon Mein (From ""The Killer"")","KK","Teri Yaadon Mein - K.K.","Sad🥺❤️","Playlist","INS180600780","1bNipuljjTOfxAKDDHC59y"
"Rula Diya","Zack Knight","REBORN","Sad🥺❤️","Playlist","DGA0L2408051","2g078dbARGhY2vatUVNyd7"
"Insane","AP Dhillon","Insane","Sad🥺❤️","Playlist","TCAFN2107496","3UhmuWcFaLS3AO3kI9ynQ2"
"Into You","Tegi Pannu","Into You","Sad🥺❤️","Playlist","UK5PD2100001","455OjhLhU9JCNYKKoUOFwr"
"Sift","Bhalwaan","Priceless","Sad🥺❤️","Playlist","UKJ8H2105742","79XNAypkS0ATDs8R9RauED"
"Dilan De Wich","Talwiinder","Dilan De Wich","Sad🥺❤️","Playlist","QZES51831564","5KI4JZanirpob7uc9j9WRe"
"Cheques","Shubh","Still Rollin","Sad🥺❤️","Playlist","QM6P42332212","4eBvRhTJ2AcxCsbfTUjoRp"
"You and Me","Shubh","Leo","Sad🥺❤️","Playlist","QMFMG2357542","4thOONDx78zsY8sHGfU1M2"
"One Love","Shubh","One Love","Sad🥺❤️","Playlist","QMBZ92399156","5ZLkihi6DVsHwDL3B8ym1t"
"Obsessed","Riar Saab","Obsessed","Sad🥺❤️","Playlist","QMBZ92299094","6Z4rRhYZVQsYKmrxD40tru"
"Millionaire","Yo Yo Honey Singh","GLORY","Sad🥺❤️","Playlist","INS182402380","78BWCd70D1X6LMkDZm1UoF"
"Dhundhala","Yashraj","Dhundhala","Sad🥺❤️","Playlist","TCAGB2204967","5XseQZ9TGr06Rv1Ye6wCu0"
"9:45","Prabh Singh","9:45","Sad🥺❤️","Playlist","QZES72319584","6c4Po8zyQjB4cR5XgLhcGb"
"At Peace","Karan Aujla","At Peace","Sad🥺❤️","Playlist","CAW112500483","1Ae2O8GhTe5KiDrrurzm41"
"Koi Sehri Babu 2.0","Asha Bhosle","Koi Sehri Babu 2.0","Sad🥺❤️","Playlist","INH102500703","4KoqkWRCF9eJCZKz1ga6GM"
"Tu Zaroori (From ""Zid"")","Shaarib Toshi","Tu Zaroori (From ""Zid"")","Sad🥺❤️","Playlist","INS171402343","0JJjxzyDzlSh4hbZvtvqVl"
"MF Gabhru!","Karan Aujla","P-POP CULTURE","Sad🥺❤️","Playlist","CAW112500971","5KLohKNLMLibqnG0FdmbvX"
"Galliyan Returns","Ankit Tiwari","Ek Villain Returns","Sad🥺❤️","Playlist","INS182201795","61ntLJxtXFf9ZkQr67rUrL"
"Ishq Bulaava","Vishal-Shekhar","Hasee Toh Phasee (Original Motion Picture Soundtrack)","Sad🥺❤️","Playlist","INS171301713","1fkjRQA8wXPPyxqYLbxuqy"
"Saware","Pritam","Phantom","Sad🥺❤️","Playlist","INS181501248","1juJ3mwsFerctbngtK42G4"
"Tum Ho","Mohit Chauhan","Rockstar","Sad🥺❤️","Playlist","INS181103509","7uNnlVit5qDvfOje0pqICF"
"Main Hoon Hero Tera (Salman Khan Version)","Salman Khan","Hero","Sad🥺❤️","Playlist","INS181501272","4Cv8UaSA8aQrBdiYO6MxgV"
"Maahi Ve","A.R. Rahman","Highway","Sad🥺❤️","Playlist","INS181400105","1sbW5E7w8tnqpYk0Frx8QG"
"Dheere Dheere","Yo Yo Honey Singh","Dheere Dheere","Sad🥺❤️","Playlist","INS181501371","4fyR24BKznXBLNkK8LwWla"
"Tum Se Hi","Pritam","Jab We Met","Sad🥺❤️","Playlist","INS180705982","7eQl3Yqv35ioqUfveKHitE"
"Ishq Wala Love","Vishal-Shekhar","Student of the Year (Original Motion Picture Soundtrack)","Sad🥺❤️","Playlist","INS171200643","1hQia6rxgfM1ly2hE3StWp"
"Ajab Si","KK","Om Shanti Om","Sad🥺❤️","Playlist","INS180705748","5FXMRdJjKq1BIX4e8Eg9mK"
"Saibo","Sachin-Jigar","Shor in the City (Original Motion Picture Soundtrack [Deluxe Edition])","Sad🥺❤️","Playlist","INS171100070","5pPyvA03RKSJrAnnDcq0nh"
"Hai Mera Dil","Alfaaz","Alfaaz","Sad🥺❤️","Playlist","INM431101127","7rnqq7955ubY95MRPiRpue"
"Khoya Khoya","Sachin-Jigar","Hero","Sad🥺❤️","Playlist","INS181501275","1kIaHdsk7dgJv11fANKeXg"
"Raanjhanaa (From ""Raanjhanaa"")","A.R. Rahman","Raanjhanaa (Original Motion Picture Soundtrack)","Sad🥺❤️","Playlist","INS171300392","5OMUXgfXsSukZ0zxelpC3b"
"Tera Nasha","The Bilz & Kashif","Breaking Barriers","Sad🥺❤️","Playlist","TCACF1534824","2xuIJCSAVVWS71343RmDYF"
"Lo Safar (From ""Baaghi 2"")","Jubin Nautiyal","Lo Safar (From ""Baaghi 2"")","Sad🥺❤️","Playlist","INS181800621","45wzRgkkG5gjuYS3OkFWaI"
"Manchala","Vishal-Shekhar","Hasee Toh Phasee (Original Motion Picture Soundtrack)","Sad🥺❤️","Playlist","INS171301715","3zAXHUL5YcYOA41rruvjy4"
"Kaho Na Kaho - From ""Murder""","Amir Jamal","Murder","Sad🥺❤️","Playlist","INH100902140","6iK2pxK4fCJLZwrzUslWgY"
"Sajde","Faheem Abdullah","Lost;Found","Sad🥺❤️","Playlist","FRX762437052","4BGfzLrK6lgvKDjKSU7wrN"
"Sanam Re","Mithoon","Sanam Re","Sad🥺❤️","Playlist","INS181502139","0CVfovmUv7BnemOyTtOcbL"
"Akhiyaan Gulaab (From ""Teri Baaton Mein Aisa Uljha Jiya"")","Mitraz","Akhiyaan Gulaab (From ""Teri Baaton Mein Aisa Uljha Jiya"")","Sad🥺❤️","Playlist","INS182400204","0M0ANKNzmM4Odd7FNKghzW"
"Tum Se","Samuel - Akanksha","Tum Se","Sad🥺❤️","Playlist","INS171806701","6OOOn0RrwZlgk4r1BVT2Za"
"Baawra","Kushagra","Baawra","Sad🥺❤️","Playlist","US38Y2417966","2Repz4eP8qEqOVz8CltLZ0"
"Piya Aaye Na","Tulsi Kumar","Best Of Tulsi Kumar: Love Is In The Air","Sad🥺❤️","Playlist","INS181303036","61Wni8MxGloRGEXqcleZFs"
"Jee Le Zaraa (From ""Talaash"")","Vishal Dadlani","Vishal Dadlani All Time Hits","Sad🥺❤️","Playlist","INS181204499","5ghQn1RXo76Dz6SD846yc6"
"Hangover (From ""Kick"")","Salman Khan","Salman's Swag Anthems","Sad🥺❤️","Playlist","INS181401386","0czuejoNtlcQmyvXFkHh64"
"Ishq Sufiyana (Male)","Vishal-Shekhar","The Dirty Picture","Sad🥺❤️","Playlist","INS181103852","5zcfnScTSFGCHGY1yeXWke"
"Baarish","Shashaa Tirupati","Half Girlfriend (Original Motion Picture Soundtrack)","Sad🥺❤️","Playlist","INZ031402712","3rofyzLZyNxr7HZYXfT43A"
"Beete Lamhein Lofi Mix (From ""The Train"")","KK","Teri Yaadon Mein - K.K.","Sad🥺❤️","Playlist","INS180702210","1xG1QiQtFbLudhJ8Q1edl7"
"Judai","Pritam","Jannat (Original Motion Picture Soundtrack)","Sad🥺❤️","Playlist","INS170800040","7LGgRybx6vnACSRnYcGmMl"
"Teri Yaadein","Parwan Khan","Teri Yaadein","Sad🥺❤️","Playlist","QZHN82121182","2RlR63Usi29jZkQXE60l2e"
"Pee Loon","Pritam","Once Upon A Time In Mumbaai","Sad🥺❤️","Playlist","INS181006884","52itZ0w0CydihB2JCZEIft"
"Phir Mohabbat (From ""Murder 2"")","Mohammed Irfan","Ultimate Love Songs - Arijit Singh","Sad🥺❤️","Playlist","INS181101313","4RCd3Gdtt3dNedof64hqRD"
"Ijazat","Meet Bros.","One Night Stand","Sad🥺❤️","Playlist","INS181600531","1uwCYPAgiy5d7lPJvf0gf8"
"Tu Har Lamha (From ""Khamoshiyan"")","Bobby-Imran","Tu Har Lamha (From ""Khamoshiyan"")","Sad🥺❤️","Playlist","INS171402462","13tg1zpSfWyFQbv09a9LPD"
"Tum Mile","Pritam","Tum Mile (Original Motion Picture Soundtrack)","Sad🥺❤️","Playlist","INS170900404","1EjxJHY9A6LMOlvyZdwDly"
"Jeena Jeena","Sachin-Jigar","Badlapur (Original Motion Picture Soundtrack)","Sad🥺❤️","Playlist","GBSGZ1500292","5lKE040hUfDAKOR8HLG92p"
"Surili Akhiyon Wale - Duet","Sajid-Wajid","Veer (Original Motion Picture Soundtrack)","Sad🥺❤️","Playlist","GBSGZ0900124","1LbA0W3DLaZupqnhmA1WPZ"
"Aaj Se Teri","Amit Trivedi","Padman (Original Motion Picture Soundtrack)","Sad🥺❤️","Playlist","INZ031403097","0EwRpK9wY6lHfcJSt82w4x"
"Haule Haule","Salim–Sulaiman","Rab Ne Bana Di Jodi","Sad🥺❤️","Playlist","INY090800054","2UKK9UEbKlykbmLVP1zWIQ"
"Bijlee Bijlee","Harrdy Sandhu","Bijlee Bijlee","Sad🥺❤️","Playlist","INUM72100076","1iZLpuGMr4tn1F5bZu32Kb"
"Powerhouse (From ""Coolie The Powerhouse"") (Hindi)","Anirudh Ravichander","Powerhouse (From ""Coolie The Powerhouse"") (Hindi)","Sad🥺❤️","Playlist","QMDA62589787","3GRxmioEL8CytKeANSlfhs"
"Tu Zaroori","Shaarib Toshi","Zid (Original Motion Picture Soundtrack)","Sad🥺❤️","Playlist","INS171402343","6ZXAYLZMZfI8RxRydhbqr7"
"Barbaad","The Rish","Saiyaara","Sad🥺❤️","Playlist","INY092500015","3fDHLGL5SYrf65ysmOhyqc"
"Attention","Charlie Puth","Voicenotes","Sad🥺❤️","Playlist","USAT21700928","5cF0dROlMOK5uNZtivgu50"
"I Really Do...","Karan Aujla","P-POP CULTURE","Sad🥺❤️","Playlist","CAW112500962","2Dp6icDc5dvYnWvxZOjj75"
"Blue Eyes","Yo Yo Honey Singh","Blue Eyes","Sad🥺❤️","Playlist","INS181306486","7wW9scVNLYFLsmBb1yAUmS"
"Dilawara","The PropheC","Dilawara","Sad🥺❤️","Playlist","UKD572301901","1C6auFaK08OhOTJ8bfrAiG"
"Nakhre","Talwiinder","Nakhre","Sad🥺❤️","Playlist","TCAJR2528347","51N7Qkc3NnQ4ZqhjWgDYEy"
"Ishq Bawla | Coke Studio Bharat","Dhanda Nyoliwala","Ishq Bawla | Coke Studio Bharat","Sad🥺❤️","Playlist","INUM72500618","7ipocikxlJX318tXE4S5nE"
"Galliyan Returns (From ""Ek Villain Returns"")","Ankit Tiwari","Galliyan Returns (From ""Ek Villain Returns"")","Sad🥺❤️","Playlist","INS182201795","2eTkxblLeqdTSsb2ivafDX"
"Baaton Ko Teri","Arijit Singh","All Is Well","Sad🥺❤️","Playlist","INS181501065","23CkVQ84EestqfkEy4fhOQ"
"With You","AP Dhillon","With You","Sad🥺❤️","Playlist","QMDA62306899","0xIuPDzJSnJywALez8dwKR"
"Desi Kalakaar","Yo Yo Honey Singh","Desi Kalakaar","Sad🥺❤️","Playlist","INS181402052","7m4CgL81VVIHaaiSxyH922"
"Aashiq Banaya Aapne","Himesh Reshammiya","Aashiq Banaya Aapne","Sad🥺❤️","Playlist","INS180500072","61mkuGe4SjLAZ5wg49NWQY"
"Sankatmochan Hanuman Ashtak","Hariharan","Shree Hanuman Chalisa (Hanuman Ashtak)","Sad🥺❤️","Playlist","INS189210630","3ZF9iTthw2m6w8MsNC0daD"
"Aasman Ko Chukar","Daler Mehndi","Hanuman Returns","Sad🥺❤️","Playlist","INS180707609","5aa4zMfrJ16iDnS6UIKtlL"
"Dhun (From ""Saiyaara"")","Mithoon","Dhun (From ""Saiyaara"")","Sad🥺❤️","Playlist","INY092500018","1GFQthxDi4Tqe3wJ5j0G5S"
"Saiyaara (From ""Saiyaara"")","Tanishk Bagchi","Saiyaara (From ""Saiyaara"")","Sad🥺❤️","Playlist","INY092500014","1D35BJlymlh6OLD75WupSF"
"Maand x Jhol Reimagined","Vipin Soni","Maand x Jhol Reimagined","Sad🥺❤️","Playlist","QZPJ32511034","7tIZsz8TS01wYvh83W4hI8"
"Hangover","Salman Khan","Kick","Sad🥺❤️","Playlist","INS181401386","0mboVyI4R4MPH23yceAMz3"
"Chand Se Parda","Kumar Sanu","Aao Pyar Karen","Sad🥺❤️","Playlist","INS939400046","77E9kDXT7gJIkxUaTPu6Ub"
"High On You","Jind Universe","High On You","Sad🥺❤️","Playlist","INS172412682","2eqUVYJVnlDs8PgOtuOlJm"
"Kya Mujhe Pyar Hai","Pritam","Woh Lamhe","Sad🥺❤️","Playlist","INS180602902","3HFjh7QljnUCBLsoTwMuTj"
"Aathma Raama","Brodha V","Aathma Raama","Sad🥺❤️","Playlist","ATR981133429","4oea0ZixIYD8B8pSQGpt6h"
"Tu Hi Hai Aashiqui - Duet","Palash Muchhal","Dishkiyaoon (Original Motion Picture Soundtrack)","Sad🥺❤️","Playlist","GBSGZ1400135","59g5a4aZJGIcRJOWuYU06H"
"Shyama Pyari Kunj Bihari","Chitra Vichitra Ji Maharaj","Shyama Pyari Kunj Bihari","Sad🥺❤️","Playlist","ZA41S2301267","24qU1XQARnki72pPr5YqiN"
"Kishori Kuch","Jainen","Kishori Kuch","Sad🥺❤️","Playlist","AUBEC2170181","6GeR9HxmUv2IhA6eI2MySU"
"Tu Hi Mera","Pritam","Jannat 2 (Original Motion Picture Soundtrack)","Sad🥺❤️","Playlist","INS171200195","1CVqr5LImdmJ1Upt4z08Pm"
"Tujhe Bhula Diya","Vishal-Shekhar","Anjaana Anjaani","Sad🥺❤️","Playlist","INS181007761","4r8JqkhpTb5tzSKKHnVJIJ"
"Main Dhoondne Ko Zamaane Mein (From ""Heartless"")","Arijit Singh","Arijit Singh Broken Strings","Sad🥺❤️","Playlist","INS181306923","43YkTTlOD203o9E5ZxhUjF"
"Lambiyaan Si Judaiyaan (From ""Raabta"")","Arijit Singh","Best Of Arijit Singh - Revisited","Sad🥺❤️","Playlist","INS181700909","1vsLKoccuY0NxkRJjZgcMr"
"Ek Din Teri Raahon","Javed Ali","Naqaab (Original Motion Picture Soundtrack)","Sad🥺❤️","Playlist","INT100700189","6UEhNvccAc4OyEDJYB5brb"
"Ordinary Person (From ""Leo"")","Anirudh Ravichander","Ordinary Person (From ""Leo"")","Sad🥺❤️","Playlist","INS172316356","6FahmzZYKH0zb2f9hrVsvw"
"Kaun Tujhe","Palak Muchhal","M.S.Dhoni - The Untold Story","Sad🥺❤️","Playlist","INS181601425","5T2ZZiBMDGh3TZDUbxg4rV"
"Tujhse Preet Lagi Hai Radhe","Krishna Chaturvedi","Tujhse Preet Lagi Hai Radhe","Sad🥺❤️","Playlist","INA2W2303270","362woqxRIE1Bh4tPgVFjAd"
"Maana Ke Hum Yaar Nahin","Sachin-Jigar","Meri Pyaari Bindu","Sad🥺❤️","Playlist","INY091700003","1O3WfEwaSpsgZ6tw8jNT8I"
"Humdard (From ""Ek Villain"")","Arijit Singh","Love Forever With Arijit Singh","Sad🥺❤️","Playlist","INS181401039","5ZGtdGwdocDZDniXHkmnVA"
"São Paulo (feat. Anitta)","The Weeknd","Hurry Up Tomorrow","Sad🥺❤️","Playlist","USUG12405846","7DY756WOLyOz2Xnhw4EFiC"
"Departure Lane","Talha Anjum","My Terrible Mind","Sad🥺❤️","Playlist","QMDA72466918","0phGG7spyLAEk69IMe8G29"
"Guzarish","A.R. Rahman","Ghajini","Sad🥺❤️","Playlist","INS180809764","2MvCNH9ua0CeOgUQfZf56z"
"Hua Hain Aaj Pehli Baar","Amaal Mallik","Sanam Re","Sad🥺❤️","Playlist","INS181600003","2ygHwkk6BE4o1YKF2jhrFX"
"Mere Haath Mein","Jatin-Lalit","Fanaa","Sad🥺❤️","Playlist","INY090600010","6oUK2k9OJ0WvmVveyauFB7"
"Khairiyat","Pritam","Chhichhore","Sad🥺❤️","Playlist","INS181904666","5O932cZmzOZGOGZz9RHx20"
"Rabba","Mohit Chauhan","Heropanti","Sad🥺❤️","Playlist","INS181400868","5jOHD4c6UayVZn9Xm7IvyO"
"Chand Sifarish","Jatin-Lalit","Fanaa","Sad🥺❤️","Playlist","INY090600009","5EYZZvmNAH5VZCwuzYJqoA"
"Baaton Ko Teri (From ""All Is Well"")","Arijit Singh","Love Forever With Arijit Singh","Sad🥺❤️","Playlist","INS181501065","7aYxXjYYI9iOzElV5WimLt"
"Main Agar Saamne","Abhijeet","Raaz (Original Motion Picture Soundtrack)","Sad🥺❤️","Playlist","INT100100006","42OnkdXwkKo5NzkdOmvE75"
"Kaabil Hoon","Jubin Nautiyal","Kaabil","Sad🥺❤️","Playlist","INS181602083","0Bph99neebTJZ6rsIhd0sN"
"Dil Kehta Hai","Kumar Sanu","Akele Hum Akele Tum (Original Motion Picture Soundtrack)","Sad🥺❤️","Playlist","INV119500461","6IENsn6l4ngqL6C2ucuKia"
"Jab Tak","Armaan Malik","M.S.Dhoni - The Untold Story","Sad🥺❤️","Playlist","INS181601485","35RWttZt8zGGzT0mWtlXpn"
"Maan Meri Jaan","King","Champagne Talk","Sad🥺❤️","Playlist","INW272200083","1418IuVKQPTYqt7QNJ9RXN"
"Tere Bina","A.R. Rahman","Guru (Original Motion Picture Soundtrack)","Sad🥺❤️","Playlist","INS170601060","4FeczSomVWVyU4FW7xDeAI"
"Tum Ho Toh (From ""Saiyaara"")","Vishal Mishra","Tum Ho Toh (From ""Saiyaara"")","Sad🥺❤️","Playlist","INY092500016","6G8vN5EUtcDxOXOXadF6kp"
"Main Shair To Nahin","Shailendra Singh","Bobby","Sad🥺❤️","Playlist","INH109637830","5YG3JN18pDZGnbSVyWrYqe"
"Kaatilana","Talwiinder","Kaatilana","Sad🥺❤️","Playlist","QT6642550542","4gAYB5yzeYrQ0jz13FmFOV"
"Khuda Jaane","Vishal-Shekhar","Bachna Ae Haseeno","Sad🥺❤️","Playlist","INY090800026","0gPgdRfB4jdGrlyXS0Vx78"
"Itni Si Baat Hain","Pritam","Azhar","Sad🥺❤️","Playlist","INS181600638","3P167vmmGRGKHoy7uDugvy"
"Tujh Mein Rab Dikhta Hai","Salim–Sulaiman","Rab Ne Bana Di Jodi","Sad🥺❤️","Playlist","INY090800053","2LcXJP95e4HKydTZ2mYfrx"
"Shaamat","Ankit Tiwari","Ek Villain Returns","Sad🥺❤️","Playlist","INS182201797","6v5SAmKr4QjRr0K2RdlPFm"
"Kashish","Ashish Bhatia","Kashish","Sad🥺❤️","Playlist","AUBEC2449336","3anHs4ijBd3Iw0E0fBPwtH"
"Aaj Phir","Arijit Singh","Hate Story 2","Sad🥺❤️","Playlist","INS181401228","32SDVo3sSMGPL0IzRA6YTX"
"Saanson Ko","Shaarib Toshi","Zid (Original Motion Picture Soundtrack)","Sad🥺❤️","Playlist","INS171402346","5LwlAJEkUeJEDBbN14RV6o"
"Tera Hoke Rahoon","Arijit Singh","Long Drive (Bollywood Mix)","Sad🥺❤️","Playlist","INZ031402327","79m9xETVQWp7baP3mZedpI"
"Call Aundi","Yo Yo Honey Singh","Zorawar","Sad🥺❤️","Playlist","INS181600482","4QL3uGdj4WNW40o3Vq33sw"
"Zulfein","Mehul Mahesh","Zulfein","Sad🥺❤️","Playlist","USL4Q2584927","6bwIkFBUUMG7upgPoVlTHt"
"bargad","sufr","bargad","Sad🥺❤️","Playlist","CHF032513191","0Q9rHyEG7lME4y2Fqtuxgl"
"Standing By you","Nish","Standing By you","Sad🥺❤️","Playlist","TCAII2495492","3I46Oyfw9cNDU79xagFaJr"
"Chandni","Sachet Tandon","Chandni","Sad🥺❤️","Playlist","INS182302183","0t8qUG81HRAzlCpftm8Hlk"
"Gerua","Pritam","Dilwale (Original Motion Picture Soundtrack)","Sad🥺❤️","Playlist","INS171501741","7iLA6PQeQWRjLDHOJgGpj5"
"Zaalima","Arijit Singh","Raees (Original Motion Picture Soundtrack)","Sad🥺❤️","Playlist","INZ031401982","1J9vyEntJ79CppvgUxJs75"
"Heeriye (feat. Arijit Singh)","Jasleen Royal","Heeriye (feat. Arijit Singh)","Sad🥺❤️","Playlist","INW262317690","5PUXKVVVQ74C3gl5vKy9Li"
"Jeene Laga Hoon","Sachin-Jigar","Ramaiya Vastavaiya (Original Motion Picture Soundtrack)","Sad🥺❤️","Playlist","INT101301475","3t3wsY5IdLVzB9WidegJSU"
"Pehli Pehli Baar Mohabbat Ki Hai","Kumar Sanu","Sirf Tum","Sad🥺❤️","Playlist","INS189911186","3UwvL87QcqZD2A5Ipodhzk"
"Be Intehaan","Atif Aslam","Best of Romance: Atif Aslam","Sad🥺❤️","Playlist","INT101202570","04y4IqZt14y7k7pXYE19Zy"
"Bulleya","Pritam","Ae Dil Hai Mushkil (Original Motion Picture Soundtrack) [Deluxe Edition]","Sad🥺❤️","Playlist","INS171602235","0Bz7dfqPY4JOGZO3O1j8Wh"
"Taaron Ke Shehar","Neha Kakkar","Taaron Ke Shehar","Sad🥺❤️","Playlist","INS182006274","1r6sFC5J0p9r3jcfIoSGDM"
"Mia Cara","Dhanda Nyoliwala","Mia Cara","Sad🥺❤️","Playlist","INUM72400546","0mN2mYHD4X7TR51fGqhqh7"
"Bholenath - A Love Story","Kaka WRLD","Bholenath (A Love Story)","Sad🥺❤️","Playlist","FR26V2055858","7tmofPELD2LKovM6wU1axP"
"Maula Mere Maula","Roop Kumar Rathod","Anwar","Sad🥺❤️","Playlist","INH100629786","4CGBTtlrjZj7ydpV52cgB4"
"OM","Brodha V","OM","Sad🥺❤️","Playlist","QMDA62571010","64whxGk19WtoxDzHRbcXJI"
"Kabira","Pritam","Yeh Jawaani Hai Deewani","Sad🥺❤️","Playlist","INS181303780","4bD9z9qa4qg9BhryvYWB7c"
"Tu Hi Junoon","Pritam","Dhoom:3","Sad🥺❤️","Playlist","INY091300053","0ANM7OVho2pqsFguo832qb"
"Kesariya (From ""Brahmastra"")","Pritam","Kesariya (From ""Brahmastra"")","Sad🥺❤️","Playlist","INS172203702","6VBhH7CyP56BXjp8VsDFPZ"
"Teri Mitti","B Praak","Kesari (Original Motion Picture Soundtrack)","Sad🥺❤️","Playlist","INZ031405173","6mkgbTsWDSgKkM6zF6Az71"
"Dil Galti Kar Baitha Hai","Jubin Nautiyal","Dil Galti Kar Baitha Hai","Sad🥺❤️","Playlist","INS182101589","7HPM13Xek5XoRWxRzHfvkB"
"Lut Gaye","Jubin Nautiyal","Lut Gaye","Sad🥺❤️","Playlist","INS182100281","2ufLEVbzvEcJ3subW8jBUp"
"Nazar Na Lag Jaaye","Ash King","Stree","Sad🥺❤️","Playlist","INS181801868","0EPTGML5v37lIp97WBMMvD"
"Ambarsariya","Sona Mohapatra","Fukrey","Sad🥺❤️","Playlist","INS181303807","4qRcjFkFqSpLBzcbLDt7HL"
"Enna Sona","A.R. Rahman","OK Jaanu (Original Motion Picture Soundtrack)","Sad🥺❤️","Playlist","INS171603185","6bdpj89aYEBjhpsenXAsmO"
"Halka Halka","Rahat Fateh Ali Khan","Halka Halka","Sad🥺❤️","Playlist","INS181602055","2Hu0FRBMFDmEhajRzvNN6T"
"Gehra Hua (From ""Dhurandhar"")","Shashwat Sachdev","Gehra Hua (From ""Dhurandhar"")","Sad🥺❤️","Playlist","INH102506955","0Y6YW1552df031DjV8qBHv"
"Manjha","Vishal Mishra","Manjha","Sad🥺❤️","Playlist","FR10S2097241","4C2ViGRQjyDn4JYPKmQUjp"
"Deewaana Deewaana","A.R. Rahman","Tere Ishk Mein","Sad🥺❤️","Playlist","INS182504117","47RTQoh3pzjhWLUMllNRRJ"
"Sitaare (From ""Ikkis"")","Arijit Singh","Sitaare (From ""Ikkis"")","Sad🥺❤️","Playlist","INS172515504","6WlARP6h4CDVOcY386wW0W"
"Malang Sajna","Sachet Tandon","Malang Sajna","Sad🥺❤️","Playlist","INS182203702","73K33p4Vyz9koXGqmL5eFs"
"Maiyya Mainu","Sachet Tandon","Jersey (Original Motion Picture Soundtrack)","Sad🥺❤️","Playlist","INZ031410016","3ygfdwvBJ2Y5XhJiiHFFZE"
"Iktara (From ""Wake Up Sid"")","Amit Trivedi","I Love You...Forever","Sad🥺❤️","Playlist","INS170900329","0bmp0lE3ArELHqda9PBMVG"
"Tu Pyar Hai Kisi Aur Ka","Anuradha Paudwal","Dil Hai Ke Manta Nahin","Sad🥺❤️","Playlist","INS189110012","5jib3JBR209gQizgISFbrH"
"Iss Tarah","Chaar Diwaari","Iss Tarah","Sad🥺❤️","Playlist","INUM72600115","1hj2XHe0acA4QuAS0HSxsz"
"Tu Hi Meri Shab Hai - From ""Gangster""","Pritam","Gangster (Original Motion Picture Soundtrack)","Sad🥺❤️","Playlist","INH100605328","1ufeADg0jivKpOFiAv3PYg"
"Saiyyan","Kailash Kher","Jhoomo Re","Sad🥺❤️","Playlist","INS170709140","37AGZMVr5V8mEMcCmGHroZ"
"Aaj Bhi","Vishal Mishra","Aaj Bhi","Sad🥺❤️","Playlist","INUM72000011","6LpswW9691XT9OjVSvDU6G"
"Ishq Mubarak","Arijit Singh","Tum Bin 2","Sad🥺❤️","Playlist","INS181601764","4M513o3dSYspKeT6UNJpcx"
"Sawan Aaya Hai (From ""Creature 3D"")","Arijit Singh","Love Forever With Arijit Singh","Sad🥺❤️","Playlist","INS181401653","4WMHDpmfuLwM2Ty8KQXZjN"
"Kuch To Hai (From ""Do Lafzon Ki Kahani"")","Armaan Malik","Armaan Malik - The Musical Archduke","Sad🥺❤️","Playlist","INS181600701","4ZcgoFLdmqLBCoBCCSOX7B"
"Dil Mein Chhupa Loonga","Meet Bros.","Bollywood Romantic Songs With Armaan Malik","Sad🥺❤️","Playlist","INS181601918","7krjnlTFuibUkOCUuNczXk"
"Teri Jhuki Nazar","Pritam","Murder 3 (Original Motion Picture Soundtrack)","Sad🥺❤️","Playlist","INS171300001","3beYHVCFKzbdNjJqjKeYpM"
"Hawa Banke","Darshan Raval","Hawa Banke","Sad🥺❤️","Playlist","QM6P41937543","1L3Nsi7YXtBxTdnbqektia"
"Janiye (from the Netflix Film ""Chor Nikal Ke Bhaga"")","Vishal Mishra","Janiye (from the Netflix Film ""Chor Nikal Ke Bhaga"")","Sad🥺❤️","Playlist","QZ8BZ2304898","0645eBDehHcqfiF15hscQV"
"Kya Baat Ay","Harrdy Sandhu","Kya Baat Ay","Sad🥺❤️","Playlist","INS171806873","1ZaeaGLhFSckG8sv1y7AWk"
"Shyama Aan Baso","Parampara Tandon","Shyama Aan Baso","Sad🥺❤️","Playlist","INS182402406","4NN615M7ogRkhby3wmxlgN"
"Phir Bhi Tumko Chaahunga","Mithoon","The Arijit Singh Collection","Sad🥺❤️","Playlist","INZ031402279","1fcCPXmH4vUzG6UQTTjZp5"
"Andaaz e Karam","Madhur Sharma","Andaaz e Karam","Sad🥺❤️","Playlist","INUM72501284","0qheD9ZwdmVKu5ktHXFbb0"
"Baarish Ban Jaana","Payal Dev","Baarish Ban Jaana","Sad🥺❤️","Playlist","INUM72100032","3sFlG5sYt712TtjvWM8Ocb"
"Kun Faya Kun","A.R. Rahman","Rockstar","Sad🥺❤️","Playlist","INS181103501","7F8RNvTQlvbeBLeenycvN6"
"Karunamai Kripa Kijiye Shri Radhey","Chitra Vichitra Ji Maharaj","Tohe Mil Jaye Saawariya","Sad🥺❤️","Playlist","INV582209946","6Ah3Vol04rhvz4q9VMh6Lm"
"Gulabi","Sachin-Jigar","Shuddh Desi Romance","Sad🥺❤️","Playlist","INY091300039","22kRCQPyNXWZSQEcDvCmGD"
"Love Dose","Yo Yo Honey Singh","Desi Kalakaar","Sad🥺❤️","Playlist","INS181402053","1QZRCi2Z1DQQaR6bGAzhtN"
"Rang Lageya","Mohit Chauhan","Rang Lageya","Sad🥺❤️","Playlist","INH102100164","7mSzDKajY2wUtstQSLdzMK"
"Mehrma","The PropheC","Midnight Paradise","Sad🥺❤️","Playlist","UKD572201701","549N4ogKjnr1GOlpSRruHZ"
"Baarish Mein Phir","Saahel","Baarish Mein Phir","Sad🥺❤️","Playlist","INUM72500825","3PbjRHCyZmK84h0qMMIRPw"
"Thinking of You","AP Dhillon","Thinking of You","Sad🥺❤️","Playlist","USUG12600914","0rSU2KwpOCqLVDCPwd4WbE"
"Mast Magan","Arijit Singh","2 States","Sad🥺❤️","Playlist","INS181400606","3uL1IBFhg52VcQqOwAG01E"
"Main Rang Sharbaton Ka","Atif Aslam","Phata Poster Nikhla Hero (Original Motion Picture Soundtrack)","Sad🥺❤️","Playlist","INT101303505","1yYM7dY6wSJFp5qmxPRLu1"
"Pia","Mitraz","Pia","Sad🥺❤️","Playlist","QZZ7S2495952","7vdFTMJJeFUDIHIbOwy3vH"
"Mere Nishan","Monu Music India","Mere Nishan","Sad🥺❤️","Playlist","GX5H92100298","0YoHCgKVvZyHrfNdUIlqXA"
"By My Side","AP Dhillon","By My Side","Sad🥺❤️","Playlist","USUG12507169","2mt3QHYbKBMdSTIfzSFsYH"
"Teri Khair Mangdi","Bilal Saeed","Baar Baar Dekho (Original Motion Picture Soundtrack)","Sad🥺❤️","Playlist","INZ031401553","4HceynRFeONXIHTq4X1q2N"
"Sajde (From ""Khatta Meetha"")","Pritam","Teri Yaadon Mein - K.K.","Sad🥺❤️","Playlist","INS181006841","195otJazf8VgxcFpbhZqhJ"
"Fallin for You","Shrey Singhal","Fallin for You","Sad🥺❤️","Playlist","FR2X41906071","2HTCl86zL6OWlAzygANfwW"
"Yaadein","Tune Host","KUCH RISHTE","Sad🥺❤️","Playlist","QT6FP2529792","6zYMYwFsXyX70V8yn56KoL"
"Saadi Galli Aaja","Rochak Kohli","Nautanki Saala !","Sad🥺❤️","Playlist","INS181302177","6riCsiX9csuomBYnenrtGd"
"Aarzu","Noor","Aarzu","Sad🥺❤️","Playlist","US6R22561374","0wHYuCTWPntEgWiUVED4wB"
"Mitti Di Khushboo","Rochak Kohli","Mitti Di Khushboo","Sad🥺❤️","Playlist","INS181402294","7tp4iYvcZksGp1u7feUrrO"
"Kyun Main Jaagoon","Shafqat Amanat Ali","Patiala House","Sad🥺❤️","Playlist","INS181009729","6wsMVa2M6Ktea2UbnVoMvO"
"Mann Ki Lagan","Rahat Fateh Ali Khan","Paap","Sad🥺❤️","Playlist","INH100360840","0s8fGVzyn6URNrUVwCE3dV"
"Pyar Diwana Hota Hai","Kishore Kumar","Kati Patang","Sad🥺❤️","Playlist","INH109544100","0Yu6DMaU2w0777Ek5XQNyI"
"Masakali","Mohit Chauhan","Delhi-6","Sad🥺❤️","Playlist","INS180900091","5iyNH1Dmxif1k4Nl1gMeuh"
"Abhi Kuch Dino Se","Pritam","Dil Toh Baccha Hai Ji","Sad🥺❤️","Playlist","INS181009718","1QufGJee7k9v4Cfp2NxXbv"
"Chandi Jaisa Rang Hai","Pankaj Udhas","Niklo Na Benaqab (Vol. 1)","Sad🥺❤️","Playlist","CA5KR2056752","2txn2EWHY6ekY3FAZOSTHW"
"Raabta","Pritam","Agent Vinod","Sad🥺❤️","Playlist","INS181200529","6FjbAnaPRPwiP3sciEYctO"
"Chalta Rahe Tera Mera Yarana","Indori Artist","Chalta Rahe Tera Mera Yarana","Sad🥺❤️","Playlist","QZNWR2076297","56qocMXrcsaeKXaH07TGYP"
"chaandni","sufr","chaandni","Sad🥺❤️","Playlist","CHF032419190","1dgGz86ucJX54K5oVndiHI"
"Udaarian","Satinder Sartaaj","Seasons of Sartaaj","Sad🥺❤️","Playlist","INS921801415","3K3mo4LoxPKk18oqIC3hQC"
"Waalian","Harnoor","Waalian","Sad🥺❤️","Playlist","ING501802584","68AyTcvyK46hpzwohHUkJI"
"Ishq Di Baajiyaan","Shankar-Ehsaan-Loy","Soorma (Original Motion Picture Soundtrack [Deluxe Edition])","Sad🥺❤️","Playlist","INS171801968","7AAap8D4C4pTyNoMkM9vjG"
"Such Keh Raha Hai","KK","Rehnaa Hai Terre Dil Mein","Sad🥺❤️","Playlist","INH100152410","0ypgFw67lNEpoKFUxUV0tG"
"Main Yahaan Hoon","Madan Mohan","Veer - Zaara","Sad🥺❤️","Playlist","INY090400016","3OAFzjwWionh8OfM4kgf2R"
"Majboor - Unplugged","Sheheryar Rehan","Majboor (Unplugged)","Sad🥺❤️","Playlist","US39N2613853","2g0EhuUsi384ZOK16iUGuc"
"Kinna Sona","Sunil Kamath","Bhaag Johnny","Sad🥺❤️","Playlist","INS181501355","2gXZp1zDDA5bnPsLwrSMRj"
"Sun Saathiya","Divya Kumar","ABCD 2 (Original Motion Picture Soundtrack)","Sad🥺❤️","Playlist","INZ031400628","5a2Hoi1wuhCA6Ob7pbOlpW"
"Humsafar (From ""Badrinath Ki Dulhania"")","Akhil Sachdeva","Best Of Akhil Sachdeva","Sad🥺❤️","Playlist","INS181700239","7aE1lfskJLMHQnzCCP1zsV"
"Tere Mast Mast Do Nain","Rahat Fateh Ali Khan","Dabangg","Sad🥺❤️","Playlist","INS181007458","2WnpXcXoX1vYvERYG3eKlT"
"Tabah","Mohit Chauhan","Heropanti","Sad🥺❤️","Playlist","INS181400870","1e83DKixcGxhymeItWkyug"
"Tay Hai","Ankit Tiwari","Rustom (Original Motion Picture Soundtrack)","Sad🥺❤️","Playlist","INZ031401258","67bjMH6zyv0d8bJps5BTVD"
"Rootha Kyun","Shaarib","1920 London","Sad🥺❤️","Playlist","INS181600642","7e9NKyM3xIVCpkcuHKUX7R"
"Meherbaan","Shilpa Rao","Bang Bang (Original Motion Picture Soundtrack)","Sad🥺❤️","Playlist","INZ031400143","2kY6ClO5UR6EUODx720Kkx"
"Zehnaseeb","Vishal-Shekhar","Hasee Toh Phasee (Original Motion Picture Soundtrack)","Sad🥺❤️","Playlist","INS171301714","3xF15SqY32Mno3UUMBirhU"
"Aashiq Banaya Aapne (From ""Hate Story Iv"")","Himesh Reshammiya","Aashiq Banaya Aapne (From ""Hate Story Iv"")","Sad🥺❤️","Playlist","INS181800212","7kfGvOOykB24QxFKZq5LUV"
"Ik Mulaqaat - From ""Dream Girl""","Meet Bros.","Dream Girl (Original Motion Picture Soundtrack)","Sad🥺❤️","Playlist","INZ031405974","55B3iMvqP2OHTOi41WKj2X"
"Darkhaast","Mithoon","Shivaay","Sad🥺❤️","Playlist","INS181601644","1awtp7rf6ajhGY9BgzCHeZ"
"Baarish","Shashaa Tirupati","Valentines Special","Sad🥺❤️","Playlist","INZ031402270","3jnSt2tdPBUduMTRipkIBF"
"Yeh Fitoor Mera","Amit Trivedi","Fitoor (Original Motion Picture Soundtrack)","Sad🥺❤️","Playlist","INZ031401158","7kvLAPEnEPlSbhZDlHFv0p"
"Haareya","Sachin-Jigar","Meri Pyaari Bindu","Sad🥺❤️","Playlist","INY091700004","1VvGJIAjhGdB7InVP9NA7V"
"Aadat","Ninja","Aadat","Sad🥺❤️","Playlist","FR2X41608569","12TxeF1dTrc2bxQcEl9NyA"
"Dil Ye Bekarar Kyun Hai","Pritam","Players","Sad🥺❤️","Playlist","INS181104249","074jI4LCbzZxhm223m6ori"
"Saans","A.R. Rahman","Jab Tak Hai Jaan","Sad🥺❤️","Playlist","INY091200033","3X5Jbz7VhZfbPqIRmYIj8c"
"Akhiyaan","Mitraz","Akhiyaan","Sad🥺❤️","Playlist","QZDA62245851","2l3dFxtoSMgMQVyRIUHjpz"
"Haaye Oye (feat. Ash King & Nikhil Deepak Paralikar) - The Tabla Guy Mix","QARAN","Haaye Oye (feat. Ash King & Nikhil Deepak Paralikar) [The Tabla Guy Mix]","Sad🥺❤️","Playlist","INS171902244","7jRisqlHCN61KnveWf9INW"
"Kina Chir","The PropheC","The Lifestyle","Sad🥺❤️","Playlist","UKD571600502","2jrKt7TeBeDtmLBZ3grQQj"